ideology,party,gender
1. Very liberal,Democrat,Female
1. Very liberal,Democrat,Female
1. Very liberal,Democrat,Female
1. Very liberal,Democrat,Female
1. Very liberal,Democrat,Female
1. Very liberal,Democrat,Female
1. Very liberal,Democrat,Female
1. Very liberal,Democrat,Female
1. Very liberal,Democrat,Female
1. Very liberal,Democrat,Female
1. Very liberal,Democrat,Female
1. Very liberal,Democrat,Female
1. Very liberal,Democrat,Female
1. Very liberal,Democrat,Female
1. Very liberal,Democrat,Female
1. Very liberal,Democrat,Female
1. Very liberal,Democrat,Female
1. Very liberal,Democrat,Female
1. Very liberal,Democrat,Female
1. Very liberal,Democrat,Female
1. Very liberal,Democrat,Female
1. Very liberal,Democrat,Female
1. Very liberal,Democrat,Female
1. Very liberal,Democrat,Female
1. Very liberal,Democrat,Female
1. Very liberal,Democrat,Female
1. Very liberal,Democrat,Female
1. Very liberal,Democrat,Female
1. Very liberal,Democrat,Female
1. Very liberal,Democrat,Female
1. Very liberal,Democrat,Female
1. Very liberal,Democrat,Female
1. Very liberal,Democrat,Female
1. Very liberal,Democrat,Female
1. Very liberal,Democrat,Female
1. Very liberal,Democrat,Female
1. Very liberal,Democrat,Female
1. Very liberal,Democrat,Female
1. Very liberal,Democrat,Female
1. Very liberal,Democrat,Female
1. Very liberal,Democrat,Female
1. Very liberal,Democrat,Female
1. Very liberal,Democrat,Female
1. Very liberal,Democrat,Female
2. Slightly liberal,Democrat,Female
2. Slightly liberal,Democrat,Female
2. Slightly liberal,Democrat,Female
2. Slightly liberal,Democrat,Female
2. Slightly liberal,Democrat,Female
2. Slightly liberal,Democrat,Female
2. Slightly liberal,Democrat,Female
2. Slightly liberal,Democrat,Female
2. Slightly liberal,Democrat,Female
2. Slightly liberal,Democrat,Female
2. Slightly liberal,Democrat,Female
2. Slightly liberal,Democrat,Female
2. Slightly liberal,Democrat,Female
2. Slightly liberal,Democrat,Female
2. Slightly liberal,Democrat,Female
2. Slightly liberal,Democrat,Female
2. Slightly liberal,Democrat,Female
2. Slightly liberal,Democrat,Female
2. Slightly liberal,Democrat,Female
2. Slightly liberal,Democrat,Female
2. Slightly liberal,Democrat,Female
2. Slightly liberal,Democrat,Female
2. Slightly liberal,Democrat,Female
2. Slightly liberal,Democrat,Female
2. Slightly liberal,Democrat,Female
2. Slightly liberal,Democrat,Female
2. Slightly liberal,Democrat,Female
2. Slightly liberal,Democrat,Female
2. Slightly liberal,Democrat,Female
2. Slightly liberal,Democrat,Female
2. Slightly liberal,Democrat,Female
2. Slightly liberal,Democrat,Female
2. Slightly liberal,Democrat,Female
2. Slightly liberal,Democrat,Female
2. Slightly liberal,Democrat,Female
2. Slightly liberal,Democrat,Female
2. Slightly liberal,Democrat,Female
2. Slightly liberal,Democrat,Female
2. Slightly liberal,Democrat,Female
2. Slightly liberal,Democrat,Female
2. Slightly liberal,Democrat,Female
2. Slightly liberal,Democrat,Female
2. Slightly liberal,Democrat,Female
2. Slightly liberal,Democrat,Female
2. Slightly liberal,Democrat,Female
2. Slightly liberal,Democrat,Female
2. Slightly liberal,Democrat,Female
3. Moderate,Democrat,Female
3. Moderate,Democrat,Female
3. Moderate,Democrat,Female
3. Moderate,Democrat,Female
3. Moderate,Democrat,Female
3. Moderate,Democrat,Female
3. Moderate,Democrat,Female
3. Moderate,Democrat,Female
3. Moderate,Democrat,Female
3. Moderate,Democrat,Female
3. Moderate,Democrat,Female
3. Moderate,Democrat,Female
3. Moderate,Democrat,Female
3. Moderate,Democrat,Female
3. Moderate,Democrat,Female
3. Moderate,Democrat,Female
3. Moderate,Democrat,Female
3. Moderate,Democrat,Female
3. Moderate,Democrat,Female
3. Moderate,Democrat,Female
3. Moderate,Democrat,Female
3. Moderate,Democrat,Female
3. Moderate,Democrat,Female
3. Moderate,Democrat,Female
3. Moderate,Democrat,Female
3. Moderate,Democrat,Female
3. Moderate,Democrat,Female
3. Moderate,Democrat,Female
3. Moderate,Democrat,Female
3. Moderate,Democrat,Female
3. Moderate,Democrat,Female
3. Moderate,Democrat,Female
3. Moderate,Democrat,Female
3. Moderate,Democrat,Female
3. Moderate,Democrat,Female
3. Moderate,Democrat,Female
3. Moderate,Democrat,Female
3. Moderate,Democrat,Female
3. Moderate,Democrat,Female
3. Moderate,Democrat,Female
3. Moderate,Democrat,Female
3. Moderate,Democrat,Female
3. Moderate,Democrat,Female
3. Moderate,Democrat,Female
3. Moderate,Democrat,Female
3. Moderate,Democrat,Female
3. Moderate,Democrat,Female
3. Moderate,Democrat,Female
3. Moderate,Democrat,Female
3. Moderate,Democrat,Female
3. Moderate,Democrat,Female
3. Moderate,Democrat,Female
3. Moderate,Democrat,Female
3. Moderate,Democrat,Female
3. Moderate,Democrat,Female
3. Moderate,Democrat,Female
3. Moderate,Democrat,Female
3. Moderate,Democrat,Female
3. Moderate,Democrat,Female
3. Moderate,Democrat,Female
3. Moderate,Democrat,Female
3. Moderate,Democrat,Female
3. Moderate,Democrat,Female
3. Moderate,Democrat,Female
3. Moderate,Democrat,Female
3. Moderate,Democrat,Female
3. Moderate,Democrat,Female
3. Moderate,Democrat,Female
3. Moderate,Democrat,Female
3. Moderate,Democrat,Female
3. Moderate,Democrat,Female
3. Moderate,Democrat,Female
3. Moderate,Democrat,Female
3. Moderate,Democrat,Female
3. Moderate,Democrat,Female
3. Moderate,Democrat,Female
3. Moderate,Democrat,Female
3. Moderate,Democrat,Female
3. Moderate,Democrat,Female
3. Moderate,Democrat,Female
3. Moderate,Democrat,Female
3. Moderate,Democrat,Female
3. Moderate,Democrat,Female
3. Moderate,Democrat,Female
3. Moderate,Democrat,Female
3. Moderate,Democrat,Female
3. Moderate,Democrat,Female
3. Moderate,Democrat,Female
3. Moderate,Democrat,Female
3. Moderate,Democrat,Female
3. Moderate,Democrat,Female
3. Moderate,Democrat,Female
3. Moderate,Democrat,Female
3. Moderate,Democrat,Female
3. Moderate,Democrat,Female
3. Moderate,Democrat,Female
3. Moderate,Democrat,Female
3. Moderate,Democrat,Female
3. Moderate,Democrat,Female
3. Moderate,Democrat,Female
3. Moderate,Democrat,Female
3. Moderate,Democrat,Female
3. Moderate,Democrat,Female
3. Moderate,Democrat,Female
3. Moderate,Democrat,Female
3. Moderate,Democrat,Female
3. Moderate,Democrat,Female
3. Moderate,Democrat,Female
3. Moderate,Democrat,Female
3. Moderate,Democrat,Female
3. Moderate,Democrat,Female
3. Moderate,Democrat,Female
3. Moderate,Democrat,Female
3. Moderate,Democrat,Female
3. Moderate,Democrat,Female
3. Moderate,Democrat,Female
3. Moderate,Democrat,Female
3. Moderate,Democrat,Female
4. Slightly conservative,Democrat,Female
4. Slightly conservative,Democrat,Female
4. Slightly conservative,Democrat,Female
4. Slightly conservative,Democrat,Female
4. Slightly conservative,Democrat,Female
4. Slightly conservative,Democrat,Female
4. Slightly conservative,Democrat,Female
4. Slightly conservative,Democrat,Female
4. Slightly conservative,Democrat,Female
4. Slightly conservative,Democrat,Female
4. Slightly conservative,Democrat,Female
4. Slightly conservative,Democrat,Female
4. Slightly conservative,Democrat,Female
4. Slightly conservative,Democrat,Female
4. Slightly conservative,Democrat,Female
4. Slightly conservative,Democrat,Female
4. Slightly conservative,Democrat,Female
4. Slightly conservative,Democrat,Female
4. Slightly conservative,Democrat,Female
4. Slightly conservative,Democrat,Female
4. Slightly conservative,Democrat,Female
4. Slightly conservative,Democrat,Female
4. Slightly conservative,Democrat,Female
5. Very conservative,Democrat,Female
5. Very conservative,Democrat,Female
5. Very conservative,Democrat,Female
5. Very conservative,Democrat,Female
5. Very conservative,Democrat,Female
5. Very conservative,Democrat,Female
5. Very conservative,Democrat,Female
5. Very conservative,Democrat,Female
5. Very conservative,Democrat,Female
5. Very conservative,Democrat,Female
5. Very conservative,Democrat,Female
5. Very conservative,Democrat,Female
5. Very conservative,Democrat,Female
5. Very conservative,Democrat,Female
5. Very conservative,Democrat,Female
5. Very conservative,Democrat,Female
5. Very conservative,Democrat,Female
5. Very conservative,Democrat,Female
5. Very conservative,Democrat,Female
5. Very conservative,Democrat,Female
5. Very conservative,Democrat,Female
5. Very conservative,Democrat,Female
5. Very conservative,Democrat,Female
5. Very conservative,Democrat,Female
5. Very conservative,Democrat,Female
5. Very conservative,Democrat,Female
5. Very conservative,Democrat,Female
5. Very conservative,Democrat,Female
5. Very conservative,Democrat,Female
5. Very conservative,Democrat,Female
5. Very conservative,Democrat,Female
5. Very conservative,Democrat,Female
1. Very liberal,Republican,Female
1. Very liberal,Republican,Female
1. Very liberal,Republican,Female
1. Very liberal,Republican,Female
1. Very liberal,Republican,Female
1. Very liberal,Republican,Female
1. Very liberal,Republican,Female
1. Very liberal,Republican,Female
1. Very liberal,Republican,Female
1. Very liberal,Republican,Female
1. Very liberal,Republican,Female
1. Very liberal,Republican,Female
1. Very liberal,Republican,Female
1. Very liberal,Republican,Female
1. Very liberal,Republican,Female
1. Very liberal,Republican,Female
1. Very liberal,Republican,Female
1. Very liberal,Republican,Female
2. Slightly liberal,Republican,Female
2. Slightly liberal,Republican,Female
2. Slightly liberal,Republican,Female
2. Slightly liberal,Republican,Female
2. Slightly liberal,Republican,Female
2. Slightly liberal,Republican,Female
2. Slightly liberal,Republican,Female
2. Slightly liberal,Republican,Female
2. Slightly liberal,Republican,Female
2. Slightly liberal,Republican,Female
2. Slightly liberal,Republican,Female
2. Slightly liberal,Republican,Female
2. Slightly liberal,Republican,Female
2. Slightly liberal,Republican,Female
2. Slightly liberal,Republican,Female
2. Slightly liberal,Republican,Female
2. Slightly liberal,Republican,Female
2. Slightly liberal,Republican,Female
2. Slightly liberal,Republican,Female
2. Slightly liberal,Republican,Female
2. Slightly liberal,Republican,Female
2. Slightly liberal,Republican,Female
2. Slightly liberal,Republican,Female
2. Slightly liberal,Republican,Female
2. Slightly liberal,Republican,Female
2. Slightly liberal,Republican,Female
2. Slightly liberal,Republican,Female
2. Slightly liberal,Republican,Female
3. Moderate,Republican,Female
3. Moderate,Republican,Female
3. Moderate,Republican,Female
3. Moderate,Republican,Female
3. Moderate,Republican,Female
3. Moderate,Republican,Female
3. Moderate,Republican,Female
3. Moderate,Republican,Female
3. Moderate,Republican,Female
3. Moderate,Republican,Female
3. Moderate,Republican,Female
3. Moderate,Republican,Female
3. Moderate,Republican,Female
3. Moderate,Republican,Female
3. Moderate,Republican,Female
3. Moderate,Republican,Female
3. Moderate,Republican,Female
3. Moderate,Republican,Female
3. Moderate,Republican,Female
3. Moderate,Republican,Female
3. Moderate,Republican,Female
3. Moderate,Republican,Female
3. Moderate,Republican,Female
3. Moderate,Republican,Female
3. Moderate,Republican,Female
3. Moderate,Republican,Female
3. Moderate,Republican,Female
3. Moderate,Republican,Female
3. Moderate,Republican,Female
3. Moderate,Republican,Female
3. Moderate,Republican,Female
3. Moderate,Republican,Female
3. Moderate,Republican,Female
3. Moderate,Republican,Female
3. Moderate,Republican,Female
3. Moderate,Republican,Female
3. Moderate,Republican,Female
3. Moderate,Republican,Female
3. Moderate,Republican,Female
3. Moderate,Republican,Female
3. Moderate,Republican,Female
3. Moderate,Republican,Female
3. Moderate,Republican,Female
3. Moderate,Republican,Female
3. Moderate,Republican,Female
3. Moderate,Republican,Female
3. Moderate,Republican,Female
3. Moderate,Republican,Female
3. Moderate,Republican,Female
3. Moderate,Republican,Female
3. Moderate,Republican,Female
3. Moderate,Republican,Female
3. Moderate,Republican,Female
3. Moderate,Republican,Female
3. Moderate,Republican,Female
3. Moderate,Republican,Female
3. Moderate,Republican,Female
3. Moderate,Republican,Female
3. Moderate,Republican,Female
3. Moderate,Republican,Female
3. Moderate,Republican,Female
3. Moderate,Republican,Female
3. Moderate,Republican,Female
3. Moderate,Republican,Female
3. Moderate,Republican,Female
3. Moderate,Republican,Female
3. Moderate,Republican,Female
3. Moderate,Republican,Female
3. Moderate,Republican,Female
3. Moderate,Republican,Female
3. Moderate,Republican,Female
3. Moderate,Republican,Female
3. Moderate,Republican,Female
3. Moderate,Republican,Female
3. Moderate,Republican,Female
3. Moderate,Republican,Female
3. Moderate,Republican,Female
3. Moderate,Republican,Female
3. Moderate,Republican,Female
3. Moderate,Republican,Female
3. Moderate,Republican,Female
3. Moderate,Republican,Female
3. Moderate,Republican,Female
3. Moderate,Republican,Female
3. Moderate,Republican,Female
3. Moderate,Republican,Female
4. Slightly conservative,Republican,Female
4. Slightly conservative,Republican,Female
4. Slightly conservative,Republican,Female
4. Slightly conservative,Republican,Female
4. Slightly conservative,Republican,Female
4. Slightly conservative,Republican,Female
4. Slightly conservative,Republican,Female
4. Slightly conservative,Republican,Female
4. Slightly conservative,Republican,Female
4. Slightly conservative,Republican,Female
4. Slightly conservative,Republican,Female
4. Slightly conservative,Republican,Female
4. Slightly conservative,Republican,Female
4. Slightly conservative,Republican,Female
4. Slightly conservative,Republican,Female
4. Slightly conservative,Republican,Female
4. Slightly conservative,Republican,Female
4. Slightly conservative,Republican,Female
4. Slightly conservative,Republican,Female
4. Slightly conservative,Republican,Female
4. Slightly conservative,Republican,Female
4. Slightly conservative,Republican,Female
4. Slightly conservative,Republican,Female
4. Slightly conservative,Republican,Female
4. Slightly conservative,Republican,Female
4. Slightly conservative,Republican,Female
4. Slightly conservative,Republican,Female
4. Slightly conservative,Republican,Female
4. Slightly conservative,Republican,Female
4. Slightly conservative,Republican,Female
4. Slightly conservative,Republican,Female
4. Slightly conservative,Republican,Female
4. Slightly conservative,Republican,Female
4. Slightly conservative,Republican,Female
4. Slightly conservative,Republican,Female
4. Slightly conservative,Republican,Female
4. Slightly conservative,Republican,Female
4. Slightly conservative,Republican,Female
4. Slightly conservative,Republican,Female
5. Very conservative,Republican,Female
5. Very conservative,Republican,Female
5. Very conservative,Republican,Female
5. Very conservative,Republican,Female
5. Very conservative,Republican,Female
5. Very conservative,Republican,Female
5. Very conservative,Republican,Female
5. Very conservative,Republican,Female
5. Very conservative,Republican,Female
5. Very conservative,Republican,Female
5. Very conservative,Republican,Female
5. Very conservative,Republican,Female
5. Very conservative,Republican,Female
5. Very conservative,Republican,Female
5. Very conservative,Republican,Female
5. Very conservative,Republican,Female
5. Very conservative,Republican,Female
5. Very conservative,Republican,Female
5. Very conservative,Republican,Female
5. Very conservative,Republican,Female
5. Very conservative,Republican,Female
5. Very conservative,Republican,Female
5. Very conservative,Republican,Female
5. Very conservative,Republican,Female
5. Very conservative,Republican,Female
5. Very conservative,Republican,Female
5. Very conservative,Republican,Female
5. Very conservative,Republican,Female
5. Very conservative,Republican,Female
5. Very conservative,Republican,Female
5. Very conservative,Republican,Female
5. Very conservative,Republican,Female
5. Very conservative,Republican,Female
5. Very conservative,Republican,Female
5. Very conservative,Republican,Female
5. Very conservative,Republican,Female
5. Very conservative,Republican,Female
5. Very conservative,Republican,Female
5. Very conservative,Republican,Female
5. Very conservative,Republican,Female
5. Very conservative,Republican,Female
5. Very conservative,Republican,Female
5. Very conservative,Republican,Female
5. Very conservative,Republican,Female
5. Very conservative,Republican,Female
5. Very conservative,Republican,Female
5. Very conservative,Republican,Female
5. Very conservative,Republican,Female
1. Very liberal,Democrat,Male
1. Very liberal,Democrat,Male
1. Very liberal,Democrat,Male
1. Very liberal,Democrat,Male
1. Very liberal,Democrat,Male
1. Very liberal,Democrat,Male
1. Very liberal,Democrat,Male
1. Very liberal,Democrat,Male
1. Very liberal,Democrat,Male
1. Very liberal,Democrat,Male
1. Very liberal,Democrat,Male
1. Very liberal,Democrat,Male
1. Very liberal,Democrat,Male
1. Very liberal,Democrat,Male
1. Very liberal,Democrat,Male
1. Very liberal,Democrat,Male
1. Very liberal,Democrat,Male
1. Very liberal,Democrat,Male
1. Very liberal,Democrat,Male
1. Very liberal,Democrat,Male
1. Very liberal,Democrat,Male
1. Very liberal,Democrat,Male
1. Very liberal,Democrat,Male
1. Very liberal,Democrat,Male
1. Very liberal,Democrat,Male
1. Very liberal,Democrat,Male
1. Very liberal,Democrat,Male
1. Very liberal,Democrat,Male
1. Very liberal,Democrat,Male
1. Very liberal,Democrat,Male
1. Very liberal,Democrat,Male
1. Very liberal,Democrat,Male
1. Very liberal,Democrat,Male
1. Very liberal,Democrat,Male
1. Very liberal,Democrat,Male
1. Very liberal,Democrat,Male
2. Slightly liberal,Democrat,Male
2. Slightly liberal,Democrat,Male
2. Slightly liberal,Democrat,Male
2. Slightly liberal,Democrat,Male
2. Slightly liberal,Democrat,Male
2. Slightly liberal,Democrat,Male
2. Slightly liberal,Democrat,Male
2. Slightly liberal,Democrat,Male
2. Slightly liberal,Democrat,Male
2. Slightly liberal,Democrat,Male
2. Slightly liberal,Democrat,Male
2. Slightly liberal,Democrat,Male
2. Slightly liberal,Democrat,Male
2. Slightly liberal,Democrat,Male
2. Slightly liberal,Democrat,Male
2. Slightly liberal,Democrat,Male
2. Slightly liberal,Democrat,Male
2. Slightly liberal,Democrat,Male
2. Slightly liberal,Democrat,Male
2. Slightly liberal,Democrat,Male
2. Slightly liberal,Democrat,Male
2. Slightly liberal,Democrat,Male
2. Slightly liberal,Democrat,Male
2. Slightly liberal,Democrat,Male
2. Slightly liberal,Democrat,Male
2. Slightly liberal,Democrat,Male
2. Slightly liberal,Democrat,Male
2. Slightly liberal,Democrat,Male
2. Slightly liberal,Democrat,Male
2. Slightly liberal,Democrat,Male
2. Slightly liberal,Democrat,Male
2. Slightly liberal,Democrat,Male
2. Slightly liberal,Democrat,Male
2. Slightly liberal,Democrat,Male
3. Moderate,Democrat,Male
3. Moderate,Democrat,Male
3. Moderate,Democrat,Male
3. Moderate,Democrat,Male
3. Moderate,Democrat,Male
3. Moderate,Democrat,Male
3. Moderate,Democrat,Male
3. Moderate,Democrat,Male
3. Moderate,Democrat,Male
3. Moderate,Democrat,Male
3. Moderate,Democrat,Male
3. Moderate,Democrat,Male
3. Moderate,Democrat,Male
3. Moderate,Democrat,Male
3. Moderate,Democrat,Male
3. Moderate,Democrat,Male
3. Moderate,Democrat,Male
3. Moderate,Democrat,Male
3. Moderate,Democrat,Male
3. Moderate,Democrat,Male
3. Moderate,Democrat,Male
3. Moderate,Democrat,Male
3. Moderate,Democrat,Male
3. Moderate,Democrat,Male
3. Moderate,Democrat,Male
3. Moderate,Democrat,Male
3. Moderate,Democrat,Male
3. Moderate,Democrat,Male
3. Moderate,Democrat,Male
3. Moderate,Democrat,Male
3. Moderate,Democrat,Male
3. Moderate,Democrat,Male
3. Moderate,Democrat,Male
3. Moderate,Democrat,Male
3. Moderate,Democrat,Male
3. Moderate,Democrat,Male
3. Moderate,Democrat,Male
3. Moderate,Democrat,Male
3. Moderate,Democrat,Male
3. Moderate,Democrat,Male
3. Moderate,Democrat,Male
3. Moderate,Democrat,Male
3. Moderate,Democrat,Male
3. Moderate,Democrat,Male
3. Moderate,Democrat,Male
3. Moderate,Democrat,Male
3. Moderate,Democrat,Male
3. Moderate,Democrat,Male
3. Moderate,Democrat,Male
3. Moderate,Democrat,Male
3. Moderate,Democrat,Male
3. Moderate,Democrat,Male
3. Moderate,Democrat,Male
4. Slightly conservative,Democrat,Male
4. Slightly conservative,Democrat,Male
4. Slightly conservative,Democrat,Male
4. Slightly conservative,Democrat,Male
4. Slightly conservative,Democrat,Male
4. Slightly conservative,Democrat,Male
4. Slightly conservative,Democrat,Male
4. Slightly conservative,Democrat,Male
4. Slightly conservative,Democrat,Male
4. Slightly conservative,Democrat,Male
4. Slightly conservative,Democrat,Male
4. Slightly conservative,Democrat,Male
4. Slightly conservative,Democrat,Male
4. Slightly conservative,Democrat,Male
4. Slightly conservative,Democrat,Male
4. Slightly conservative,Democrat,Male
4. Slightly conservative,Democrat,Male
4. Slightly conservative,Democrat,Male
5. Very conservative,Democrat,Male
5. Very conservative,Democrat,Male
5. Very conservative,Democrat,Male
5. Very conservative,Democrat,Male
5. Very conservative,Democrat,Male
5. Very conservative,Democrat,Male
5. Very conservative,Democrat,Male
5. Very conservative,Democrat,Male
5. Very conservative,Democrat,Male
5. Very conservative,Democrat,Male
5. Very conservative,Democrat,Male
5. Very conservative,Democrat,Male
5. Very conservative,Democrat,Male
5. Very conservative,Democrat,Male
5. Very conservative,Democrat,Male
5. Very conservative,Democrat,Male
5. Very conservative,Democrat,Male
5. Very conservative,Democrat,Male
5. Very conservative,Democrat,Male
5. Very conservative,Democrat,Male
5. Very conservative,Democrat,Male
5. Very conservative,Democrat,Male
5. Very conservative,Democrat,Male
1. Very liberal,Republican,Male
1. Very liberal,Republican,Male
1. Very liberal,Republican,Male
1. Very liberal,Republican,Male
1. Very liberal,Republican,Male
1. Very liberal,Republican,Male
1. Very liberal,Republican,Male
1. Very liberal,Republican,Male
1. Very liberal,Republican,Male
1. Very liberal,Republican,Male
1. Very liberal,Republican,Male
1. Very liberal,Republican,Male
2. Slightly liberal,Republican,Male
2. Slightly liberal,Republican,Male
2. Slightly liberal,Republican,Male
2. Slightly liberal,Republican,Male
2. Slightly liberal,Republican,Male
2. Slightly liberal,Republican,Male
2. Slightly liberal,Republican,Male
2. Slightly liberal,Republican,Male
2. Slightly liberal,Republican,Male
2. Slightly liberal,Republican,Male
2. Slightly liberal,Republican,Male
2. Slightly liberal,Republican,Male
2. Slightly liberal,Republican,Male
2. Slightly liberal,Republican,Male
2. Slightly liberal,Republican,Male
2. Slightly liberal,Republican,Male
2. Slightly liberal,Republican,Male
2. Slightly liberal,Republican,Male
3. Moderate,Republican,Male
3. Moderate,Republican,Male
3. Moderate,Republican,Male
3. Moderate,Republican,Male
3. Moderate,Republican,Male
3. Moderate,Republican,Male
3. Moderate,Republican,Male
3. Moderate,Republican,Male
3. Moderate,Republican,Male
3. Moderate,Republican,Male
3. Moderate,Republican,Male
3. Moderate,Republican,Male
3. Moderate,Republican,Male
3. Moderate,Republican,Male
3. Moderate,Republican,Male
3. Moderate,Republican,Male
3. Moderate,Republican,Male
3. Moderate,Republican,Male
3. Moderate,Republican,Male
3. Moderate,Republican,Male
3. Moderate,Republican,Male
3. Moderate,Republican,Male
3. Moderate,Republican,Male
3. Moderate,Republican,Male
3. Moderate,Republican,Male
3. Moderate,Republican,Male
3. Moderate,Republican,Male
3. Moderate,Republican,Male
3. Moderate,Republican,Male
3. Moderate,Republican,Male
3. Moderate,Republican,Male
3. Moderate,Republican,Male
3. Moderate,Republican,Male
3. Moderate,Republican,Male
3. Moderate,Republican,Male
3. Moderate,Republican,Male
3. Moderate,Republican,Male
3. Moderate,Republican,Male
3. Moderate,Republican,Male
3. Moderate,Republican,Male
3. Moderate,Republican,Male
3. Moderate,Republican,Male
3. Moderate,Republican,Male
3. Moderate,Republican,Male
3. Moderate,Republican,Male
3. Moderate,Republican,Male
3. Moderate,Republican,Male
3. Moderate,Republican,Male
3. Moderate,Republican,Male
3. Moderate,Republican,Male
3. Moderate,Republican,Male
3. Moderate,Republican,Male
3. Moderate,Republican,Male
3. Moderate,Republican,Male
3. Moderate,Republican,Male
3. Moderate,Republican,Male
3. Moderate,Republican,Male
3. Moderate,Republican,Male
3. Moderate,Republican,Male
3. Moderate,Republican,Male
3. Moderate,Republican,Male
3. Moderate,Republican,Male
4. Slightly conservative,Republican,Male
4. Slightly conservative,Republican,Male
4. Slightly conservative,Republican,Male
4. Slightly conservative,Republican,Male
4. Slightly conservative,Republican,Male
4. Slightly conservative,Republican,Male
4. Slightly conservative,Republican,Male
4. Slightly conservative,Republican,Male
4. Slightly conservative,Republican,Male
4. Slightly conservative,Republican,Male
4. Slightly conservative,Republican,Male
4. Slightly conservative,Republican,Male
4. Slightly conservative,Republican,Male
4. Slightly conservative,Republican,Male
4. Slightly conservative,Republican,Male
4. Slightly conservative,Republican,Male
4. Slightly conservative,Republican,Male
4. Slightly conservative,Republican,Male
4. Slightly conservative,Republican,Male
4. Slightly conservative,Republican,Male
4. Slightly conservative,Republican,Male
4. Slightly conservative,Republican,Male
4. Slightly conservative,Republican,Male
4. Slightly conservative,Republican,Male
4. Slightly conservative,Republican,Male
4. Slightly conservative,Republican,Male
4. Slightly conservative,Republican,Male
4. Slightly conservative,Republican,Male
4. Slightly conservative,Republican,Male
4. Slightly conservative,Republican,Male
4. Slightly conservative,Republican,Male
4. Slightly conservative,Republican,Male
4. Slightly conservative,Republican,Male
4. Slightly conservative,Republican,Male
4. Slightly conservative,Republican,Male
4. Slightly conservative,Republican,Male
4. Slightly conservative,Republican,Male
4. Slightly conservative,Republican,Male
4. Slightly conservative,Republican,Male
4. Slightly conservative,Republican,Male
4. Slightly conservative,Republican,Male
4. Slightly conservative,Republican,Male
4. Slightly conservative,Republican,Male
4. Slightly conservative,Republican,Male
4. Slightly conservative,Republican,Male
5. Very conservative,Republican,Male
5. Very conservative,Republican,Male
5. Very conservative,Republican,Male
5. Very conservative,Republican,Male
5. Very conservative,Republican,Male
5. Very conservative,Republican,Male
5. Very conservative,Republican,Male
5. Very conservative,Republican,Male
5. Very conservative,Republican,Male
5. Very conservative,Republican,Male
5. Very conservative,Republican,Male
5. Very conservative,Republican,Male
5. Very conservative,Republican,Male
5. Very conservative,Republican,Male
5. Very conservative,Republican,Male
5. Very conservative,Republican,Male
5. Very conservative,Republican,Male
5. Very conservative,Republican,Male
5. Very conservative,Republican,Male
5. Very conservative,Republican,Male
5. Very conservative,Republican,Male
5. Very conservative,Republican,Male
5. Very conservative,Republican,Male
5. Very conservative,Republican,Male
5. Very conservative,Republican,Male
5. Very conservative,Republican,Male
5. Very conservative,Republican,Male
5. Very conservative,Republican,Male
5. Very conservative,Republican,Male
5. Very conservative,Republican,Male
5. Very conservative,Republican,Male
5. Very conservative,Republican,Male
5. Very conservative,Republican,Male
5. Very conservative,Republican,Male
5. Very conservative,Republican,Male
5. Very conservative,Republican,Male
5. Very conservative,Republican,Male
5. Very conservative,Republican,Male
5. Very conservative,Republican,Male
5. Very conservative,Republican,Male
5. Very conservative,Republican,Male
5. Very conservative,Republican,Male
5. Very conservative,Republican,Male
5. Very conservative,Republican,Male
5. Very conservative,Republican,Male
5. Very conservative,Republican,Male
5. Very conservative,Republican,Male
5. Very conservative,Republican,Male
5. Very conservative,Republican,Male
5. Very conservative,Republican,Male
5. Very conservative,Republican,Male
