warm,year,gender,race,age,education,prestige
1. Strongly disagree,1977,Female,White,33,10,31
1. Strongly disagree,1977,Male,White,74,16,50
1. Strongly disagree,1989,Male,White,36,12,41
1. Strongly disagree,1977,Female,White,73,9,36
1. Strongly disagree,1977,Female,White,59,11,62
1. Strongly disagree,1989,Male,White,33,4,17
1. Strongly disagree,1977,Female,White,43,7,40
1. Strongly disagree,1977,Female,White,48,12,48
1. Strongly disagree,1977,Male,White,27,17,69
1. Strongly disagree,1977,Male,White,46,12,50
1. Strongly disagree,1989,Male,White,75,8,41
1. Strongly disagree,1977,Male,White,34,12,47
1. Strongly disagree,1977,Female,White,64,11,40
1. Strongly disagree,1977,Male,White,46,12,31
1. Strongly disagree,1977,Female,White,59,12,55
1. Strongly disagree,1989,Female,Nonwhite,42,6,12
1. Strongly disagree,1977,Male,White,53,12,61
1. Strongly disagree,1977,Female,White,44,8,25
1. Strongly disagree,1977,Male,White,53,7,45
1. Strongly disagree,1977,Male,White,62,12,35
1. Strongly disagree,1977,Male,White,32,15,70
1. Strongly disagree,1977,Female,White,48,8,19
1. Strongly disagree,1977,Female,White,36,12,48
1. Strongly disagree,1977,Female,White,25,12,46
1. Strongly disagree,1977,Male,White,70,8,41
1. Strongly disagree,1977,Female,White,38,12,50
1. Strongly disagree,1977,Male,White,82,5,39
1. Strongly disagree,1977,Female,White,28,12,36
1. Strongly disagree,1977,Male,White,25,12,27
1. Strongly disagree,1977,Male,Nonwhite,45,12,40
1. Strongly disagree,1977,Male,White,49,5,16
1. Strongly disagree,1977,Female,Nonwhite,56,9,20
1. Strongly disagree,1989,Male,White,61,4,34
1. Strongly disagree,1977,Male,White,54,16,50
1. Strongly disagree,1977,Female,White,77,13,60
1. Strongly disagree,1977,Male,White,57,17,78
1. Strongly disagree,1977,Male,White,57,8,19
1. Strongly disagree,1989,Male,White,19,11,17
1. Strongly disagree,1977,Male,White,51,9,28
1. Strongly disagree,1989,Male,White,68,14,37
1. Strongly disagree,1977,Male,White,47,8,32
1. Strongly disagree,1977,Female,White,64,8,27
1. Strongly disagree,1977,Male,White,25,12,34
1. Strongly disagree,1977,Female,White,73,8,39
1. Strongly disagree,1977,Female,White,59,11,34
1. Strongly disagree,1977,Female,White,58,10,47
1. Strongly disagree,1989,Female,White,65,11,50
1. Strongly disagree,1977,Female,White,22,12,29
1. Strongly disagree,1977,Male,White,55,8,28
1. Strongly disagree,1977,Female,White,38,12,25
1. Strongly disagree,1977,Male,White,75,8,41
1. Strongly disagree,1977,Male,White,63,8,30
1. Strongly disagree,1989,Male,White,56,15,43
1. Strongly disagree,1989,Male,Nonwhite,70,4,32
1. Strongly disagree,1977,Male,White,65,9,48
1. Strongly disagree,1977,Male,White,49,10,29
1. Strongly disagree,1977,Female,White,25,12,23
1. Strongly disagree,1977,Male,Nonwhite,41,11,26
1. Strongly disagree,1977,Female,White,53,12,36
1. Strongly disagree,1977,Female,White,54,12,48
1. Strongly disagree,1977,Female,White,58,15,62
1. Strongly disagree,1977,Female,White,20,12,15
1. Strongly disagree,1977,Male,White,42,8,41
1. Strongly disagree,1977,Female,White,68,11,61
1. Strongly disagree,1977,Female,White,44,12,36
1. Strongly disagree,1977,Male,White,36,16,69
1. Strongly disagree,1977,Male,White,49,12,36
1. Strongly disagree,1977,Female,White,46,13,36
1. Strongly disagree,1977,Male,Nonwhite,50,12,17
1. Strongly disagree,1977,Male,White,29,12,40
1. Strongly disagree,1977,Male,White,27,14,17
1. Strongly disagree,1977,Female,White,54,6,12
1. Strongly disagree,1977,Male,White,73,6,33
1. Strongly disagree,1977,Female,White,38,12,36
1. Strongly disagree,1977,Female,White,69,5,26
1. Strongly disagree,1977,Female,White,50,10,14
1. Strongly disagree,1977,Female,White,22,12,50
1. Strongly disagree,1977,Female,White,42,12,46
1. Strongly disagree,1989,Female,White,45,12,18
1. Strongly disagree,1989,Male,White,35,12,35
1. Strongly disagree,1977,Female,White,49,9,19
1. Strongly disagree,1977,Male,White,28,20,78
1. Strongly disagree,1977,Male,White,34,12,45
1. Strongly disagree,1989,Female,White,85,10,36
1. Strongly disagree,1977,Male,White,32,18,60
1. Strongly disagree,1977,Male,White,56,12,56
1. Strongly disagree,1977,Male,White,83,5,51
1. Strongly disagree,1977,Male,White,43,5,25
1. Strongly disagree,1977,Male,White,53,15,36
1. Strongly disagree,1977,Female,White,43,12,34
1. Strongly disagree,1989,Male,White,57,12,12
1. Strongly disagree,1977,Male,White,67,12,52
1. Strongly disagree,1989,Female,White,47,12,50
1. Strongly disagree,1977,Male,White,70,14,34
1. Strongly disagree,1977,Female,White,26,14,48
1. Strongly disagree,1977,Female,Nonwhite,27,13,26
1. Strongly disagree,1977,Female,White,40,10,25
1. Strongly disagree,1977,Male,White,20,12,29
1. Strongly disagree,1989,Male,White,47,14,45
1. Strongly disagree,1977,Female,Nonwhite,24,12,40
1. Strongly disagree,1977,Male,White,63,16,69
1. Strongly disagree,1989,Male,White,41,15,37
1. Strongly disagree,1989,Male,White,19,12,22
1. Strongly disagree,1977,Male,White,21,10,32
1. Strongly disagree,1977,Male,White,69,14,22
1. Strongly disagree,1977,Female,White,42,12,40
1. Strongly disagree,1977,Female,White,22,15,41
1. Strongly disagree,1977,Female,White,68,8,48
1. Strongly disagree,1977,Female,White,55,10,46
1. Strongly disagree,1977,Male,White,56,12,40
1. Strongly disagree,1977,Male,Nonwhite,67,5,17
1. Strongly disagree,1989,Female,White,46,16,57
1. Strongly disagree,1977,Male,White,66,8,17
1. Strongly disagree,1977,Female,White,67,12,46
1. Strongly disagree,1977,Female,White,26,10,20
1. Strongly disagree,1977,Male,White,34,12,57
1. Strongly disagree,1989,Female,Nonwhite,70,12,12
1. Strongly disagree,1977,Male,White,66,12,47
1. Strongly disagree,1977,Female,White,40,12,46
1. Strongly disagree,1977,Female,Nonwhite,68,12,26
1. Strongly disagree,1989,Male,White,57,14,48
1. Strongly disagree,1977,Female,White,36,12,46
1. Strongly disagree,1977,Male,White,45,10,19
1. Strongly disagree,1977,Male,White,59,16,57
1. Strongly disagree,1977,Female,White,42,12,25
1. Strongly disagree,1977,Male,White,36,17,52
1. Strongly disagree,1977,Female,White,53,5,26
1. Strongly disagree,1977,Female,White,46,12,36
1. Strongly disagree,1977,Male,White,36,10,17
1. Strongly disagree,1977,Female,Nonwhite,40,12,36
1. Strongly disagree,1977,Male,White,49,13,17
1. Strongly disagree,1989,Male,Nonwhite,47,4,17
1. Strongly disagree,1977,Male,White,19,12,23
1. Strongly disagree,1977,Female,White,63,12,31
1. Strongly disagree,1989,Female,White,89,8,18
1. Strongly disagree,1989,Female,White,66,12,33
1. Strongly disagree,1977,Male,White,64,8,30
1. Strongly disagree,1977,Female,White,74,7,18
1. Strongly disagree,1977,Female,White,85,12,36
1. Strongly disagree,1989,Female,White,38,12,46
1. Strongly disagree,1977,Male,White,37,12,18
1. Strongly disagree,1977,Female,White,49,12,44
1. Strongly disagree,1977,Male,White,29,12,17
1. Strongly disagree,1977,Male,White,61,12,16
1. Strongly disagree,1977,Male,White,49,12,33
1. Strongly disagree,1977,Female,White,23,13,25
1. Strongly disagree,1977,Male,Nonwhite,58,4,17
1. Strongly disagree,1989,Female,White,42,9,50
1. Strongly disagree,1977,Female,White,63,9,34
1. Strongly disagree,1989,Female,White,69,8,26
1. Strongly disagree,1977,Female,White,28,12,36
1. Strongly disagree,1977,Male,White,56,8,41
1. Strongly disagree,1977,Female,White,71,14,14
1. Strongly disagree,1977,Male,White,39,12,40
1. Strongly disagree,1977,Male,White,61,9,37
1. Strongly disagree,1977,Female,White,26,15,56
1. Strongly disagree,1977,Male,White,59,8,50
1. Strongly disagree,1989,Male,White,54,16,34
1. Strongly disagree,1977,Female,White,62,9,50
1. Strongly disagree,1977,Female,White,23,14,50
1. Strongly disagree,1977,Male,White,41,12,41
1. Strongly disagree,1977,Male,White,50,12,26
1. Strongly disagree,1977,Female,Nonwhite,38,13,25
1. Strongly disagree,1989,Male,White,89,8,32
1. Strongly disagree,1977,Female,White,70,16,63
1. Strongly disagree,1977,Female,White,26,14,34
1. Strongly disagree,1989,Female,White,37,15,61
1. Strongly disagree,1977,Female,Nonwhite,63,14,18
1. Strongly disagree,1977,Male,White,64,11,37
1. Strongly disagree,1977,Male,White,44,9,32
1. Strongly disagree,1977,Male,White,67,3,32
1. Strongly disagree,1977,Female,White,25,12,27
1. Strongly disagree,1989,Male,White,49,15,22
1. Strongly disagree,1977,Male,White,41,9,49
1. Strongly disagree,1977,Female,White,68,8,20
1. Strongly disagree,1977,Female,White,35,12,62
1. Strongly disagree,1989,Male,White,51,12,40
1. Strongly disagree,1977,Male,White,65,6,32
1. Strongly disagree,1977,Female,White,40,12,34
1. Strongly disagree,1977,Female,White,58,8,36
1. Strongly disagree,1977,Male,White,35,16,69
1. Strongly disagree,1977,Female,White,62,8,27
1. Strongly disagree,1989,Female,White,44,13,50
1. Strongly disagree,1977,Male,White,63,8,40
1. Strongly disagree,1989,Female,White,61,12,34
1. Strongly disagree,1989,Female,White,71,12,25
1. Strongly disagree,1977,Male,White,52,8,49
1. Strongly disagree,1977,Female,White,23,12,46
1. Strongly disagree,1977,Male,White,57,11,31
1. Strongly disagree,1977,Male,White,42,12,34
1. Strongly disagree,1989,Female,White,47,12,50
1. Strongly disagree,1977,Male,White,25,12,41
1. Strongly disagree,1977,Male,White,71,8,30
1. Strongly disagree,1977,Male,White,40,16,54
1. Strongly disagree,1977,Male,White,44,6,26
1. Strongly disagree,1977,Female,White,33,14,51
1. Strongly disagree,1977,Male,White,58,8,40
1. Strongly disagree,1977,Male,White,71,10,26
1. Strongly disagree,1977,Male,White,70,5,36
1. Strongly disagree,1977,Female,White,46,14,36
1. Strongly disagree,1989,Male,White,58,6,30
1. Strongly disagree,1977,Female,White,33,6,29
1. Strongly disagree,1977,Male,White,53,3,37
1. Strongly disagree,1977,Female,White,22,12,48
1. Strongly disagree,1977,Male,White,51,10,45
1. Strongly disagree,1977,Female,White,54,10,19
1. Strongly disagree,1989,Male,White,64,12,45
1. Strongly disagree,1977,Male,White,38,9,17
1. Strongly disagree,1977,Male,White,68,10,41
1. Strongly disagree,1977,Male,White,53,9,19
1. Strongly disagree,1977,Male,White,53,12,61
1. Strongly disagree,1989,Female,White,50,16,62
1. Strongly disagree,1977,Female,White,45,11,32
1. Strongly disagree,1977,Female,White,71,10,34
1. Strongly disagree,1977,Male,White,60,12,41
1. Strongly disagree,1989,Female,White,81,8,31
1. Strongly disagree,1977,Female,White,42,12,34
1. Strongly disagree,1989,Male,White,65,18,36
1. Strongly disagree,1977,Male,White,58,12,30
1. Strongly disagree,1977,Female,Nonwhite,57,4,18
1. Strongly disagree,1977,Female,White,21,12,45
1. Strongly disagree,1989,Female,White,29,12,46
1. Strongly disagree,1977,Female,White,76,12,48
1. Strongly disagree,1977,Male,White,36,12,78
1. Strongly disagree,1977,Male,White,40,17,50
1. Strongly disagree,1977,Male,White,32,9,40
1. Strongly disagree,1977,Male,White,55,11,50
1. Strongly disagree,1989,Male,Nonwhite,52,12,32
1. Strongly disagree,1989,Male,White,66,14,32
1. Strongly disagree,1989,Male,White,27,13,45
1. Strongly disagree,1977,Female,White,56,12,23
1. Strongly disagree,1977,Female,White,71,8,32
1. Strongly disagree,1977,Male,White,72,14,39
1. Strongly disagree,1989,Male,White,71,20,69
1. Strongly disagree,1989,Male,Nonwhite,62,0,26
1. Strongly disagree,1977,Male,White,59,12,45
1. Strongly disagree,1977,Male,White,25,12,36
1. Strongly disagree,1989,Male,Nonwhite,55,4,41
1. Strongly disagree,1977,Male,White,29,9,35
1. Strongly disagree,1977,Female,White,45,7,25
1. Strongly disagree,1977,Male,White,73,10,47
1. Strongly disagree,1977,Male,White,69,12,45
1. Strongly disagree,1977,Female,Nonwhite,27,10,33
1. Strongly disagree,1989,Male,White,34,12,48
1. Strongly disagree,1989,Female,White,32,12,50
1. Strongly disagree,1977,Male,White,71,5,17
1. Strongly disagree,1977,Female,White,36,14,42
1. Strongly disagree,1977,Male,White,54,13,51
1. Strongly disagree,1977,Male,White,69,8,41
1. Strongly disagree,1977,Female,White,64,7,29
1. Strongly disagree,1977,Male,White,48,12,32
1. Strongly disagree,1977,Female,White,37,9,31
1. Strongly disagree,1989,Male,White,48,17,32
1. Strongly disagree,1977,Female,White,51,12,39
1. Strongly disagree,1977,Male,White,37,8,29
1. Strongly disagree,1977,Female,White,70,12,46
1. Strongly disagree,1977,Male,White,33,15,36
1. Strongly disagree,1977,Male,White,59,6,16
1. Strongly disagree,1977,Female,White,25,11,32
1. Strongly disagree,1977,Female,Nonwhite,69,3,16
1. Strongly disagree,1977,Male,White,59,9,41
1. Strongly disagree,1977,Female,White,45,4,25
1. Strongly disagree,1977,Male,White,34,14,37
1. Strongly disagree,1977,Female,White,20,12,16
1. Strongly disagree,1977,Male,White,61,16,47
1. Strongly disagree,1977,Female,White,37,11,36
1. Strongly disagree,1977,Female,White,57,8,36
1. Strongly disagree,1977,Male,White,72,8,17
1. Strongly disagree,1977,Female,White,73,10,48
1. Strongly disagree,1977,Male,Nonwhite,37,19,82
1. Strongly disagree,1989,Female,White,20,12,31
1. Strongly disagree,1977,Female,White,73,12,60
1. Strongly disagree,1989,Male,White,82,11,32
1. Strongly disagree,1989,Male,White,30,16,16
1. Strongly disagree,1977,Male,White,68,7,48
1. Strongly disagree,1977,Female,White,70,12,41
1. Strongly disagree,1989,Female,White,55,9,16
1. Strongly disagree,1977,Male,White,23,11,25
1. Strongly disagree,1977,Male,White,48,10,30
1. Strongly disagree,1977,Female,White,69,7,20
1. Strongly disagree,1977,Female,White,30,12,50
1. Strongly disagree,1977,Male,White,68,3,37
1. Strongly disagree,1989,Female,White,69,11,50
1. Strongly disagree,1989,Male,White,79,16,62
1. Strongly disagree,1977,Male,White,45,12,32
1. Strongly disagree,1989,Female,Nonwhite,54,12,34
1. Strongly disagree,1989,Male,White,37,16,69
1. Strongly disagree,1977,Female,White,54,13,72
1. Strongly disagree,1977,Female,White,30,11,31
1. Strongly disagree,1977,Female,White,44,12,50
1. Strongly disagree,1977,Female,White,56,12,36
1. Strongly disagree,1989,Male,White,82,12,41
1. Strongly disagree,1977,Male,White,72,12,32
1. Strongly disagree,1977,Female,White,57,12,45
1. Strongly disagree,1989,Male,White,82,9,32
1. Strongly disagree,1977,Female,White,66,9,33
1. Strongly disagree,1977,Female,Nonwhite,58,12,42
2. Disagree,1977,Female,White,25,14,39
2. Disagree,1989,Female,White,62,16,62
2. Disagree,1977,Female,White,58,12,34
2. Disagree,1977,Female,White,40,12,22
2. Disagree,1977,Male,White,20,14,17
2. Disagree,1989,Female,White,88,10,39
2. Disagree,1977,Male,White,87,8,41
2. Disagree,1989,Female,White,28,12,38
2. Disagree,1977,Male,White,68,9,41
2. Disagree,1989,Female,White,83,4,42
2. Disagree,1989,Male,Nonwhite,33,16,32
2. Disagree,1977,Female,White,62,8,12
2. Disagree,1977,Female,White,26,12,46
2. Disagree,1977,Male,Nonwhite,57,7,16
2. Disagree,1977,Male,White,42,13,68
2. Disagree,1977,Female,White,26,12,19
2. Disagree,1989,Female,White,20,13,25
2. Disagree,1977,Male,White,75,6,50
2. Disagree,1977,Male,White,66,12,36
2. Disagree,1977,Female,White,79,4,25
2. Disagree,1977,Female,White,73,8,27
2. Disagree,1989,Female,White,50,12,46
2. Disagree,1977,Female,White,57,8,27
2. Disagree,1977,Female,White,62,12,31
2. Disagree,1977,Male,White,52,8,28
2. Disagree,1989,Female,White,51,11,36
2. Disagree,1989,Female,White,60,13,50
2. Disagree,1977,Female,White,57,12,15
2. Disagree,1977,Male,White,75,11,37
2. Disagree,1977,Male,White,36,17,50
2. Disagree,1977,Female,White,42,16,36
2. Disagree,1977,Male,White,33,18,72
2. Disagree,1989,Male,White,27,19,82
2. Disagree,1977,Female,White,50,12,44
2. Disagree,1989,Male,White,83,8,34
2. Disagree,1989,Male,White,62,12,26
2. Disagree,1977,Male,Nonwhite,74,11,29
2. Disagree,1977,Male,Nonwhite,58,19,57
2. Disagree,1989,Female,Nonwhite,47,10,28
2. Disagree,1989,Female,White,55,12,36
2. Disagree,1989,Male,White,40,20,47
2. Disagree,1989,Female,White,67,12,48
2. Disagree,1977,Male,White,64,16,57
2. Disagree,1989,Male,White,59,13,40
2. Disagree,1977,Female,Nonwhite,75,12,36
2. Disagree,1989,Female,White,65,11,25
2. Disagree,1989,Female,White,73,13,33
2. Disagree,1989,Male,White,36,14,50
2. Disagree,1977,Male,White,45,16,62
2. Disagree,1977,Male,White,27,17,67
2. Disagree,1977,Male,White,46,12,38
2. Disagree,1989,Male,White,25,16,62
2. Disagree,1977,Male,Nonwhite,45,8,29
2. Disagree,1977,Female,Nonwhite,55,9,18
2. Disagree,1989,Male,White,36,12,16
2. Disagree,1977,Male,White,22,12,17
2. Disagree,1977,Male,White,60,8,33
2. Disagree,1989,Male,White,25,12,42
2. Disagree,1989,Male,White,42,17,62
2. Disagree,1989,Female,White,33,15,51
2. Disagree,1977,Female,White,66,8,25
2. Disagree,1977,Male,White,62,6,29
2. Disagree,1989,Female,White,22,12,39
2. Disagree,1977,Female,White,84,14,60
2. Disagree,1977,Male,White,24,16,57
2. Disagree,1977,Female,White,53,9,29
2. Disagree,1977,Female,White,72,9,40
2. Disagree,1977,Female,White,66,6,34
2. Disagree,1977,Female,White,26,10,20
2. Disagree,1977,Female,White,34,12,36
2. Disagree,1977,Female,White,57,17,62
2. Disagree,1977,Female,White,24,12,25
2. Disagree,1977,Female,White,47,8,20
2. Disagree,1989,Male,White,72,10,40
2. Disagree,1977,Male,White,34,12,50
2. Disagree,1989,Female,White,38,12,30
2. Disagree,1977,Male,White,63,9,32
2. Disagree,1989,Female,White,64,16,60
2. Disagree,1977,Male,White,47,8,40
2. Disagree,1977,Female,Nonwhite,34,15,36
2. Disagree,1977,Male,White,34,14,34
2. Disagree,1989,Male,White,36,16,61
2. Disagree,1989,Male,White,32,16,51
2. Disagree,1989,Male,White,24,13,47
2. Disagree,1977,Female,White,54,13,48
2. Disagree,1977,Male,Nonwhite,51,10,27
2. Disagree,1977,Male,White,67,12,39
2. Disagree,1977,Male,White,27,20,54
2. Disagree,1989,Male,White,35,12,31
2. Disagree,1989,Female,White,31,14,37
2. Disagree,1989,Female,White,25,10,23
2. Disagree,1977,Male,White,33,12,17
2. Disagree,1989,Female,Nonwhite,63,5,26
2. Disagree,1977,Male,White,59,7,26
2. Disagree,1977,Female,White,63,11,25
2. Disagree,1977,Male,White,59,20,54
2. Disagree,1989,Male,White,38,7,32
2. Disagree,1977,Male,White,23,16,36
2. Disagree,1977,Female,White,59,8,32
2. Disagree,1989,Female,White,36,12,32
2. Disagree,1977,Female,White,46,13,46
2. Disagree,1989,Male,White,53,12,72
2. Disagree,1989,Male,Nonwhite,25,16,60
2. Disagree,1977,Male,White,31,18,50
2. Disagree,1977,Male,White,44,12,45
2. Disagree,1989,Male,White,22,14,37
2. Disagree,1977,Female,Nonwhite,42,11,22
2. Disagree,1989,Male,White,75,6,31
2. Disagree,1977,Male,White,65,8,39
2. Disagree,1977,Male,White,43,8,23
2. Disagree,1977,Male,White,62,16,60
2. Disagree,1989,Female,White,19,12,22
2. Disagree,1977,Male,White,50,12,40
2. Disagree,1989,Male,White,80,11,72
2. Disagree,1977,Male,White,61,9,30
2. Disagree,1989,Male,Nonwhite,31,17,51
2. Disagree,1989,Female,White,19,12,50
2. Disagree,1977,Female,White,57,10,36
2. Disagree,1977,Male,White,25,13,56
2. Disagree,1989,Male,White,64,12,48
2. Disagree,1977,Female,Nonwhite,71,6,18
2. Disagree,1977,Female,White,40,10,45
2. Disagree,1977,Female,White,31,12,46
2. Disagree,1989,Female,White,60,14,46
2. Disagree,1977,Female,White,79,8,32
2. Disagree,1977,Male,White,72,10,32
2. Disagree,1977,Male,Nonwhite,26,17,63
2. Disagree,1989,Female,White,66,12,72
2. Disagree,1977,Male,White,51,7,32
2. Disagree,1977,Male,White,23,12,26
2. Disagree,1977,Male,White,74,10,50
2. Disagree,1977,Female,Nonwhite,30,10,18
2. Disagree,1989,Male,White,46,15,17
2. Disagree,1989,Male,Nonwhite,44,13,30
2. Disagree,1977,Female,White,64,17,55
2. Disagree,1977,Female,White,59,6,18
2. Disagree,1977,Female,White,27,12,17
2. Disagree,1977,Female,White,76,8,39
2. Disagree,1977,Female,White,50,11,34
2. Disagree,1977,Female,White,50,9,22
2. Disagree,1977,Female,White,71,10,46
2. Disagree,1977,Male,White,50,15,56
2. Disagree,1989,Male,White,69,8,39
2. Disagree,1989,Male,White,76,14,36
2. Disagree,1977,Female,White,53,8,23
2. Disagree,1989,Female,White,44,14,39
2. Disagree,1989,Male,White,68,16,19
2. Disagree,1989,Male,Nonwhite,28,12,36
2. Disagree,1989,Female,White,30,12,31
2. Disagree,1977,Female,White,36,12,48
2. Disagree,1977,Female,Nonwhite,63,12,20
2. Disagree,1977,Male,White,48,16,67
2. Disagree,1977,Female,White,23,13,36
2. Disagree,1977,Male,White,63,15,50
2. Disagree,1977,Female,White,63,9,30
2. Disagree,1977,Female,White,31,12,26
2. Disagree,1977,Male,White,27,16,34
2. Disagree,1977,Male,White,40,13,41
2. Disagree,1977,Female,White,68,12,31
2. Disagree,1989,Female,White,38,12,50
2. Disagree,1977,Female,White,74,10,19
2. Disagree,1989,Male,White,50,12,22
2. Disagree,1977,Female,Nonwhite,43,6,18
2. Disagree,1977,Male,White,44,11,23
2. Disagree,1977,Male,White,30,11,35
2. Disagree,1977,Female,White,31,12,27
2. Disagree,1989,Male,White,49,9,41
2. Disagree,1977,Male,White,42,11,36
2. Disagree,1989,Female,White,78,10,31
2. Disagree,1977,Male,White,36,12,32
2. Disagree,1977,Male,White,50,11,33
2. Disagree,1977,Female,White,66,11,26
2. Disagree,1977,Male,White,51,8,32
2. Disagree,1977,Male,Nonwhite,41,9,34
2. Disagree,1977,Male,White,45,12,32
2. Disagree,1977,Male,White,51,12,48
2. Disagree,1989,Female,Nonwhite,32,14,36
2. Disagree,1977,Male,White,34,8,17
2. Disagree,1977,Female,White,43,12,46
2. Disagree,1989,Male,White,61,11,61
2. Disagree,1977,Male,White,74,8,39
2. Disagree,1977,Male,White,30,12,39
2. Disagree,1989,Male,White,65,12,41
2. Disagree,1989,Female,White,27,16,48
2. Disagree,1977,Male,White,33,12,32
2. Disagree,1989,Female,White,85,12,34
2. Disagree,1977,Male,Nonwhite,23,16,69
2. Disagree,1989,Female,White,32,12,34
2. Disagree,1989,Female,White,61,12,23
2. Disagree,1989,Male,White,30,12,50
2. Disagree,1989,Female,White,73,12,14
2. Disagree,1989,Female,Nonwhite,24,12,15
2. Disagree,1977,Female,White,87,8,36
2. Disagree,1977,Male,White,77,16,45
2. Disagree,1989,Male,White,66,8,33
2. Disagree,1977,Female,White,59,11,34
2. Disagree,1977,Male,White,41,9,30
2. Disagree,1977,Female,White,26,12,20
2. Disagree,1977,Female,White,79,5,19
2. Disagree,1989,Male,White,34,13,51
2. Disagree,1977,Male,White,64,8,41
2. Disagree,1977,Female,White,45,12,34
2. Disagree,1977,Male,White,76,6,30
2. Disagree,1977,Male,White,61,12,58
2. Disagree,1989,Male,White,31,14,50
2. Disagree,1977,Male,White,73,16,57
2. Disagree,1977,Female,White,27,12,41
2. Disagree,1977,Male,White,62,12,50
2. Disagree,1977,Female,White,54,7,25
2. Disagree,1977,Female,White,81,9,18
2. Disagree,1989,Female,White,52,12,43
2. Disagree,1989,Male,White,20,12,47
2. Disagree,1977,Male,White,75,20,82
2. Disagree,1977,Male,White,46,16,55
2. Disagree,1989,Female,White,64,12,25
2. Disagree,1977,Female,White,27,14,48
2. Disagree,1977,Male,Nonwhite,81,5,17
2. Disagree,1989,Female,White,78,8,20
2. Disagree,1977,Male,White,19,10,17
2. Disagree,1989,Female,White,65,12,31
2. Disagree,1977,Male,Nonwhite,28,11,48
2. Disagree,1977,Male,Nonwhite,27,12,17
2. Disagree,1977,Female,White,39,8,19
2. Disagree,1989,Male,Nonwhite,47,12,43
2. Disagree,1989,Male,White,29,16,34
2. Disagree,1977,Female,White,55,10,20
2. Disagree,1977,Male,Nonwhite,28,12,28
2. Disagree,1989,Female,White,38,14,37
2. Disagree,1977,Male,White,76,4,32
2. Disagree,1977,Male,White,56,12,36
2. Disagree,1977,Female,White,31,4,36
2. Disagree,1977,Male,White,24,12,30
2. Disagree,1977,Male,White,45,12,32
2. Disagree,1977,Male,White,62,11,19
2. Disagree,1977,Female,White,61,16,60
2. Disagree,1977,Male,White,49,8,37
2. Disagree,1989,Female,White,47,12,36
2. Disagree,1989,Male,White,88,19,76
2. Disagree,1977,Male,White,46,11,32
2. Disagree,1989,Female,White,33,14,36
2. Disagree,1989,Female,White,40,16,51
2. Disagree,1989,Male,White,33,16,50
2. Disagree,1977,Male,White,86,14,17
2. Disagree,1977,Female,White,64,11,36
2. Disagree,1977,Male,Nonwhite,63,3,36
2. Disagree,1977,Male,White,57,16,47
2. Disagree,1977,Female,White,41,12,26
2. Disagree,1989,Male,White,89,11,32
2. Disagree,1977,Female,White,41,12,36
2. Disagree,1989,Female,Nonwhite,51,12,36
2. Disagree,1977,Male,White,33,12,40
2. Disagree,1989,Male,White,50,12,49
2. Disagree,1989,Male,White,73,12,40
2. Disagree,1977,Male,White,43,5,33
2. Disagree,1977,Male,White,22,12,33
2. Disagree,1989,Male,White,79,12,76
2. Disagree,1989,Male,White,53,12,37
2. Disagree,1977,Male,White,32,8,40
2. Disagree,1977,Male,White,53,12,22
2. Disagree,1977,Male,White,37,16,41
2. Disagree,1977,Male,White,63,12,50
2. Disagree,1989,Female,Nonwhite,72,8,20
2. Disagree,1977,Female,White,60,12,36
2. Disagree,1989,Female,White,73,12,46
2. Disagree,1977,Female,White,47,12,31
2. Disagree,1989,Female,Nonwhite,41,18,69
2. Disagree,1989,Female,White,54,18,56
2. Disagree,1977,Female,White,50,7,36
2. Disagree,1977,Female,White,42,10,27
2. Disagree,1977,Male,White,59,17,60
2. Disagree,1977,Female,White,64,10,46
2. Disagree,1977,Female,White,43,8,41
2. Disagree,1977,Male,White,51,9,17
2. Disagree,1977,Male,White,50,12,38
2. Disagree,1977,Male,White,77,8,41
2. Disagree,1989,Female,Nonwhite,54,13,36
2. Disagree,1977,Male,Nonwhite,50,12,30
2. Disagree,1989,Female,White,38,18,62
2. Disagree,1989,Female,White,37,11,20
2. Disagree,1989,Female,White,89,8,18
2. Disagree,1989,Female,White,28,12,36
2. Disagree,1977,Male,White,58,12,27
2. Disagree,1989,Male,White,36,11,48
2. Disagree,1977,Female,Nonwhite,34,12,17
2. Disagree,1989,Male,White,59,16,34
2. Disagree,1977,Male,Nonwhite,43,9,18
2. Disagree,1977,Female,Nonwhite,76,7,18
2. Disagree,1977,Male,White,76,8,29
2. Disagree,1989,Female,White,36,12,36
2. Disagree,1989,Female,White,42,13,41
2. Disagree,1977,Male,White,39,8,33
2. Disagree,1989,Male,White,29,13,17
2. Disagree,1977,Male,White,67,11,58
2. Disagree,1989,Female,White,46,12,60
2. Disagree,1977,Male,White,62,9,28
2. Disagree,1989,Male,White,26,14,23
2. Disagree,1989,Female,White,50,15,46
2. Disagree,1977,Male,White,35,10,32
2. Disagree,1989,Male,White,26,14,48
2. Disagree,1977,Female,White,33,14,36
2. Disagree,1977,Female,White,27,14,33
2. Disagree,1977,Male,Nonwhite,48,11,32
2. Disagree,1977,Male,White,23,12,17
2. Disagree,1989,Male,White,35,16,39
2. Disagree,1977,Male,White,28,12,28
2. Disagree,1989,Female,White,47,14,36
2. Disagree,1977,Male,White,49,11,38
2. Disagree,1977,Female,White,75,7,32
2. Disagree,1977,Female,White,33,16,52
2. Disagree,1977,Male,Nonwhite,33,12,17
2. Disagree,1989,Male,White,41,20,55
2. Disagree,1977,Male,Nonwhite,68,0,17
2. Disagree,1977,Male,White,54,13,33
2. Disagree,1989,Male,White,49,14,50
2. Disagree,1977,Male,White,80,5,45
2. Disagree,1989,Male,Nonwhite,25,14,37
2. Disagree,1977,Male,White,56,7,41
2. Disagree,1989,Male,White,55,12,33
2. Disagree,1977,Male,White,33,16,40
2. Disagree,1977,Male,Nonwhite,23,11,16
2. Disagree,1977,Male,White,81,10,40
2. Disagree,1977,Male,White,19,11,37
2. Disagree,1989,Female,Nonwhite,43,15,46
2. Disagree,1977,Male,White,20,13,39
2. Disagree,1977,Female,White,54,16,46
2. Disagree,1989,Female,White,45,12,47
2. Disagree,1977,Male,White,40,17,50
2. Disagree,1989,Male,White,32,12,33
2. Disagree,1989,Male,White,65,10,38
2. Disagree,1977,Male,White,58,8,33
2. Disagree,1977,Female,White,41,12,46
2. Disagree,1977,Male,White,36,12,49
2. Disagree,1977,Male,White,37,12,30
2. Disagree,1989,Female,White,36,12,38
2. Disagree,1977,Male,White,20,12,29
2. Disagree,1977,Male,White,19,12,22
2. Disagree,1977,Male,White,30,14,41
2. Disagree,1989,Male,White,68,18,78
2. Disagree,1977,Female,White,65,14,62
2. Disagree,1977,Female,White,69,10,18
2. Disagree,1977,Male,Nonwhite,20,13,47
2. Disagree,1989,Female,White,33,16,61
2. Disagree,1977,Male,White,43,12,42
2. Disagree,1989,Female,White,36,12,48
2. Disagree,1977,Male,White,21,12,17
2. Disagree,1989,Female,White,56,9,50
2. Disagree,1989,Male,White,23,12,16
2. Disagree,1977,Female,White,41,12,46
2. Disagree,1977,Male,White,55,16,31
2. Disagree,1989,Female,White,43,12,36
2. Disagree,1977,Female,White,61,12,45
2. Disagree,1989,Male,White,33,12,47
2. Disagree,1977,Female,White,46,4,32
2. Disagree,1989,Female,White,44,14,42
2. Disagree,1977,Male,White,41,10,47
2. Disagree,1977,Female,White,27,12,20
2. Disagree,1977,Female,White,28,15,18
2. Disagree,1977,Male,White,44,12,47
2. Disagree,1977,Male,White,53,11,45
2. Disagree,1977,Male,White,34,12,33
2. Disagree,1989,Male,White,71,8,16
2. Disagree,1977,Male,Nonwhite,19,12,17
2. Disagree,1977,Female,White,25,10,32
2. Disagree,1977,Male,White,48,19,63
2. Disagree,1977,Male,White,58,12,48
2. Disagree,1977,Female,White,44,12,32
2. Disagree,1977,Female,White,38,16,43
2. Disagree,1989,Male,Nonwhite,21,14,46
2. Disagree,1977,Male,White,74,18,63
2. Disagree,1977,Male,Nonwhite,57,9,41
2. Disagree,1989,Male,White,73,5,50
2. Disagree,1989,Female,White,43,12,50
2. Disagree,1977,Female,White,19,12,36
2. Disagree,1989,Female,White,52,12,50
2. Disagree,1989,Female,White,26,8,32
2. Disagree,1989,Female,White,49,16,62
2. Disagree,1977,Male,White,28,18,47
2. Disagree,1989,Female,White,25,16,50
2. Disagree,1989,Male,White,45,12,50
2. Disagree,1977,Male,White,37,7,30
2. Disagree,1989,Female,White,68,12,36
2. Disagree,1977,Male,White,54,12,26
2. Disagree,1989,Male,White,78,9,18
2. Disagree,1977,Male,White,49,12,16
2. Disagree,1977,Female,White,71,4,23
2. Disagree,1977,Female,White,67,12,36
2. Disagree,1977,Male,White,42,10,47
2. Disagree,1989,Male,White,71,12,36
2. Disagree,1977,Female,White,56,12,32
2. Disagree,1989,Female,White,68,14,50
2. Disagree,1977,Female,White,56,9,22
2. Disagree,1977,Female,White,51,8,25
2. Disagree,1989,Male,White,20,12,18
2. Disagree,1989,Female,White,68,12,40
2. Disagree,1989,Male,White,50,10,30
2. Disagree,1989,Female,White,81,14,63
2. Disagree,1977,Female,White,62,10,32
2. Disagree,1977,Female,White,73,8,27
2. Disagree,1977,Male,White,52,8,40
2. Disagree,1989,Female,White,88,13,60
2. Disagree,1977,Male,White,54,8,50
2. Disagree,1977,Female,White,39,12,15
2. Disagree,1989,Male,White,35,15,50
2. Disagree,1977,Female,Nonwhite,83,4,18
2. Disagree,1989,Male,White,57,13,28
2. Disagree,1977,Female,White,19,10,20
2. Disagree,1989,Male,White,31,13,50
2. Disagree,1977,Female,Nonwhite,52,6,32
2. Disagree,1989,Male,White,26,12,40
2. Disagree,1989,Female,White,61,7,12
2. Disagree,1977,Female,White,42,16,48
2. Disagree,1977,Female,White,37,12,46
2. Disagree,1989,Female,White,68,13,40
2. Disagree,1977,Female,White,45,12,46
2. Disagree,1989,Male,White,27,16,51
2. Disagree,1989,Female,White,21,11,16
2. Disagree,1977,Male,White,45,12,33
2. Disagree,1977,Female,White,57,17,60
2. Disagree,1977,Male,White,34,14,68
2. Disagree,1977,Female,White,68,8,31
2. Disagree,1989,Female,White,55,12,36
2. Disagree,1977,Female,White,71,15,50
2. Disagree,1977,Male,White,61,10,22
2. Disagree,1989,Male,White,54,9,22
2. Disagree,1977,Male,White,33,12,32
2. Disagree,1989,Male,White,32,16,56
2. Disagree,1977,Male,White,29,16,72
2. Disagree,1989,Female,White,61,16,60
2. Disagree,1989,Female,White,30,13,15
2. Disagree,1977,Male,White,35,12,32
2. Disagree,1977,Female,White,47,12,48
2. Disagree,1977,Female,White,45,9,20
2. Disagree,1989,Male,Nonwhite,68,6,37
2. Disagree,1977,Female,White,30,12,33
2. Disagree,1977,Male,White,21,12,32
2. Disagree,1977,Female,White,67,11,43
2. Disagree,1989,Female,White,50,9,20
2. Disagree,1977,Female,White,53,12,46
2. Disagree,1989,Male,White,70,12,50
2. Disagree,1989,Male,White,28,12,37
2. Disagree,1989,Male,White,72,12,16
2. Disagree,1989,Female,White,28,12,31
2. Disagree,1977,Male,White,26,16,45
2. Disagree,1977,Female,White,61,11,45
2. Disagree,1977,Male,White,65,12,38
2. Disagree,1977,Male,White,60,11,50
2. Disagree,1977,Male,White,52,16,67
2. Disagree,1977,Female,White,33,10,39
2. Disagree,1989,Male,White,68,12,40
2. Disagree,1977,Female,White,35,12,45
2. Disagree,1989,Male,White,41,14,43
2. Disagree,1977,Male,Nonwhite,50,16,50
2. Disagree,1989,Female,White,74,12,36
2. Disagree,1977,Male,White,27,10,17
2. Disagree,1977,Male,White,52,15,34
2. Disagree,1977,Male,White,40,18,63
2. Disagree,1977,Male,White,46,12,50
2. Disagree,1977,Female,White,82,12,61
2. Disagree,1977,Male,Nonwhite,55,12,35
2. Disagree,1989,Female,White,61,12,39
2. Disagree,1977,Male,White,29,14,40
2. Disagree,1977,Male,White,29,10,49
2. Disagree,1989,Female,Nonwhite,50,8,29
2. Disagree,1977,Male,White,70,16,36
2. Disagree,1989,Male,White,30,5,28
2. Disagree,1977,Male,White,27,13,36
2. Disagree,1977,Male,White,19,11,46
2. Disagree,1989,Male,White,45,12,32
2. Disagree,1989,Male,White,38,9,22
2. Disagree,1989,Male,White,33,12,40
2. Disagree,1989,Female,White,63,11,36
2. Disagree,1989,Female,White,50,12,36
2. Disagree,1977,Male,White,68,9,45
2. Disagree,1977,Male,White,59,12,32
2. Disagree,1977,Male,White,39,12,39
2. Disagree,1977,Female,White,21,12,50
2. Disagree,1989,Female,Nonwhite,67,12,22
2. Disagree,1977,Male,White,68,11,48
2. Disagree,1977,Male,White,35,7,18
2. Disagree,1989,Female,White,70,8,20
2. Disagree,1977,Male,White,21,9,27
2. Disagree,1989,Male,White,46,16,50
2. Disagree,1989,Male,White,42,14,39
2. Disagree,1977,Male,Nonwhite,28,15,39
2. Disagree,1977,Female,White,56,17,63
2. Disagree,1989,Female,White,64,14,39
2. Disagree,1977,Male,White,77,11,14
2. Disagree,1977,Male,White,36,12,33
2. Disagree,1989,Male,White,47,12,56
2. Disagree,1977,Male,White,35,12,33
2. Disagree,1977,Female,White,50,10,33
2. Disagree,1977,Female,Nonwhite,28,13,41
2. Disagree,1977,Male,White,79,8,42
2. Disagree,1977,Male,White,39,12,32
2. Disagree,1977,Male,White,34,18,60
2. Disagree,1977,Female,White,67,12,32
2. Disagree,1977,Female,White,57,12,72
2. Disagree,1977,Male,White,45,10,54
2. Disagree,1977,Female,White,60,11,18
2. Disagree,1977,Female,White,21,12,29
2. Disagree,1977,Male,White,23,13,50
2. Disagree,1989,Female,White,26,8,19
2. Disagree,1977,Male,White,54,20,60
2. Disagree,1977,Female,Nonwhite,26,12,17
2. Disagree,1989,Male,White,34,10,33
2. Disagree,1989,Female,Nonwhite,30,16,60
2. Disagree,1989,Male,White,33,13,42
2. Disagree,1989,Male,White,52,17,50
2. Disagree,1989,Male,White,25,13,50
2. Disagree,1989,Female,White,77,12,52
2. Disagree,1977,Female,Nonwhite,76,6,32
2. Disagree,1977,Female,White,60,9,32
2. Disagree,1989,Male,Nonwhite,22,11,32
2. Disagree,1977,Male,White,67,8,19
2. Disagree,1977,Female,White,68,8,23
2. Disagree,1977,Male,White,26,13,17
2. Disagree,1989,Male,White,63,12,19
2. Disagree,1977,Female,White,46,12,46
2. Disagree,1977,Female,White,29,16,57
2. Disagree,1977,Male,White,30,9,32
2. Disagree,1977,Male,Nonwhite,41,12,17
2. Disagree,1989,Female,White,61,12,36
2. Disagree,1989,Male,White,30,16,72
2. Disagree,1977,Male,White,57,16,29
2. Disagree,1989,Female,White,81,10,36
2. Disagree,1989,Female,White,28,13,36
2. Disagree,1977,Male,Nonwhite,65,2,40
2. Disagree,1977,Female,White,74,9,23
2. Disagree,1989,Male,White,63,10,33
2. Disagree,1977,Male,White,48,12,50
2. Disagree,1989,Male,White,25,14,20
2. Disagree,1977,Female,White,75,10,26
2. Disagree,1977,Male,White,34,12,72
2. Disagree,1977,Female,White,78,14,60
2. Disagree,1977,Female,White,67,17,60
2. Disagree,1977,Female,White,57,12,32
2. Disagree,1989,Female,White,31,12,57
2. Disagree,1977,Female,White,45,12,48
2. Disagree,1989,Female,White,42,13,28
2. Disagree,1977,Male,Nonwhite,26,12,32
2. Disagree,1977,Male,White,53,12,50
2. Disagree,1977,Male,Nonwhite,22,9,29
2. Disagree,1989,Male,White,72,18,78
2. Disagree,1977,Female,White,28,12,25
2. Disagree,1989,Female,Nonwhite,38,12,17
2. Disagree,1989,Female,White,49,14,61
2. Disagree,1989,Female,White,63,8,32
2. Disagree,1977,Male,White,22,11,40
2. Disagree,1977,Female,Nonwhite,45,9,33
2. Disagree,1977,Female,White,67,12,36
2. Disagree,1977,Male,Nonwhite,55,8,27
2. Disagree,1989,Female,White,39,12,17
2. Disagree,1989,Male,White,34,17,71
2. Disagree,1977,Male,White,42,8,33
2. Disagree,1977,Male,White,45,8,30
2. Disagree,1977,Male,White,51,16,34
2. Disagree,1989,Female,White,31,13,46
2. Disagree,1977,Male,White,71,6,22
2. Disagree,1977,Male,White,20,8,36
2. Disagree,1977,Female,White,65,12,51
2. Disagree,1989,Male,White,41,12,29
2. Disagree,1977,Male,White,49,11,36
2. Disagree,1977,Female,White,29,10,36
2. Disagree,1977,Male,White,30,12,35
2. Disagree,1989,Female,White,72,12,46
2. Disagree,1977,Male,White,54,0,40
2. Disagree,1977,Male,White,25,12,40
2. Disagree,1977,Male,White,47,14,47
2. Disagree,1977,Female,White,51,10,32
2. Disagree,1989,Male,White,28,14,50
2. Disagree,1977,Male,White,24,12,17
2. Disagree,1977,Male,White,29,14,40
2. Disagree,1977,Male,White,39,12,26
2. Disagree,1977,Female,White,53,9,26
2. Disagree,1977,Female,White,51,12,36
2. Disagree,1989,Female,White,82,11,31
2. Disagree,1977,Female,White,52,14,51
2. Disagree,1977,Female,White,29,12,20
2. Disagree,1977,Male,White,32,7,50
2. Disagree,1977,Male,White,48,10,29
2. Disagree,1977,Female,White,36,13,43
2. Disagree,1977,Female,White,63,7,25
2. Disagree,1977,Female,White,61,7,25
2. Disagree,1989,Male,White,78,8,41
2. Disagree,1977,Female,White,35,12,23
2. Disagree,1977,Female,White,60,12,20
2. Disagree,1989,Male,White,42,16,37
2. Disagree,1989,Female,White,43,14,36
2. Disagree,1989,Male,White,72,12,68
2. Disagree,1989,Female,White,56,15,47
2. Disagree,1989,Male,White,36,10,32
2. Disagree,1989,Male,White,20,12,32
2. Disagree,1989,Male,White,52,11,36
2. Disagree,1977,Male,Nonwhite,67,3,17
2. Disagree,1977,Male,White,41,7,36
2. Disagree,1989,Male,White,49,8,50
2. Disagree,1977,Female,White,36,8,19
2. Disagree,1989,Male,White,40,14,34
2. Disagree,1977,Female,White,59,12,34
2. Disagree,1989,Female,White,66,8,17
2. Disagree,1977,Female,White,56,10,46
2. Disagree,1989,Female,White,65,12,18
2. Disagree,1989,Female,White,60,18,63
2. Disagree,1977,Male,White,32,14,32
2. Disagree,1977,Female,White,52,12,25
2. Disagree,1989,Female,White,71,13,29
2. Disagree,1977,Male,White,45,12,37
2. Disagree,1977,Male,White,54,9,28
2. Disagree,1977,Female,White,70,16,60
2. Disagree,1977,Female,White,22,13,14
2. Disagree,1977,Male,White,24,12,50
2. Disagree,1989,Female,White,66,12,32
2. Disagree,1977,Female,White,52,12,48
2. Disagree,1989,Female,White,48,12,19
2. Disagree,1989,Female,White,54,20,78
2. Disagree,1977,Female,White,35,12,41
2. Disagree,1977,Male,White,42,9,32
2. Disagree,1989,Male,White,73,10,29
2. Disagree,1977,Male,White,58,16,50
2. Disagree,1977,Female,Nonwhite,22,13,40
2. Disagree,1977,Female,White,44,18,63
2. Disagree,1989,Male,White,48,14,50
2. Disagree,1989,Female,White,58,12,20
2. Disagree,1989,Male,White,37,18,50
2. Disagree,1989,Female,White,19,12,18
2. Disagree,1977,Male,Nonwhite,56,12,27
2. Disagree,1977,Male,White,56,12,40
2. Disagree,1977,Male,White,26,18,57
2. Disagree,1977,Male,White,27,12,37
2. Disagree,1977,Female,White,63,8,18
2. Disagree,1989,Female,White,58,12,31
2. Disagree,1989,Female,White,28,12,46
2. Disagree,1989,Female,White,45,12,43
2. Disagree,1977,Male,White,42,15,44
2. Disagree,1989,Male,White,45,14,23
2. Disagree,1989,Male,Nonwhite,40,20,78
2. Disagree,1977,Male,White,32,14,35
2. Disagree,1977,Female,White,29,8,32
2. Disagree,1977,Male,White,24,11,37
2. Disagree,1989,Female,White,70,12,46
2. Disagree,1977,Female,White,59,12,18
2. Disagree,1977,Male,White,77,8,30
2. Disagree,1989,Male,Nonwhite,32,14,37
2. Disagree,1977,Female,White,73,10,32
2. Disagree,1977,Female,White,32,12,46
2. Disagree,1989,Female,White,51,16,60
2. Disagree,1977,Male,White,35,12,39
2. Disagree,1989,Male,White,37,15,40
2. Disagree,1977,Male,White,37,14,70
2. Disagree,1989,Male,White,59,12,12
2. Disagree,1977,Male,White,43,11,37
2. Disagree,1977,Male,White,48,12,50
2. Disagree,1977,Male,White,47,7,30
2. Disagree,1977,Female,White,72,9,29
2. Disagree,1977,Male,White,23,12,48
2. Disagree,1977,Male,White,71,16,62
2. Disagree,1977,Female,White,50,16,50
2. Disagree,1977,Male,White,22,9,33
2. Disagree,1977,Female,White,30,12,25
2. Disagree,1977,Male,White,58,11,34
2. Disagree,1977,Female,White,63,12,33
2. Disagree,1989,Female,White,61,12,25
2. Disagree,1989,Female,White,66,14,46
2. Disagree,1977,Female,White,35,11,45
2. Disagree,1977,Male,White,38,11,50
2. Disagree,1977,Female,Nonwhite,46,10,18
2. Disagree,1977,Male,White,43,10,39
2. Disagree,1977,Male,White,61,12,29
2. Disagree,1977,Male,White,55,12,41
2. Disagree,1977,Male,White,19,12,26
2. Disagree,1977,Female,White,45,5,18
2. Disagree,1989,Male,White,42,15,50
2. Disagree,1989,Female,White,67,6,32
2. Disagree,1977,Male,White,20,12,42
2. Disagree,1977,Male,Nonwhite,58,12,14
2. Disagree,1977,Male,White,78,16,50
2. Disagree,1989,Male,White,28,17,14
2. Disagree,1977,Male,White,71,15,60
2. Disagree,1977,Male,White,67,10,32
2. Disagree,1989,Male,Nonwhite,82,8,35
2. Disagree,1977,Male,White,34,12,32
2. Disagree,1989,Male,White,29,14,23
2. Disagree,1989,Female,Nonwhite,59,13,36
2. Disagree,1989,Male,White,63,14,50
2. Disagree,1977,Female,White,74,7,25
2. Disagree,1989,Male,White,74,14,36
2. Disagree,1977,Male,White,19,11,23
2. Disagree,1977,Male,White,56,14,41
2. Disagree,1977,Male,White,45,8,29
2. Disagree,1977,Male,White,37,19,69
2. Disagree,1977,Female,White,69,14,31
2. Disagree,1977,Male,White,33,16,69
2. Disagree,1977,Female,White,61,12,34
2. Disagree,1977,Female,White,54,14,43
2. Disagree,1989,Male,White,42,20,50
2. Disagree,1989,Male,White,37,18,60
2. Disagree,1977,Male,White,42,12,50
2. Disagree,1977,Male,Nonwhite,46,3,17
2. Disagree,1989,Male,White,40,17,68
2. Disagree,1977,Male,White,35,16,50
2. Disagree,1977,Female,White,72,12,62
2. Disagree,1989,Male,White,47,11,54
2. Disagree,1989,Female,White,65,12,46
2. Disagree,1989,Female,White,32,18,62
2. Disagree,1977,Female,White,56,11,31
2. Disagree,1977,Male,White,36,12,49
2. Disagree,1977,Female,White,54,10,25
2. Disagree,1989,Male,White,58,12,39
2. Disagree,1977,Female,Nonwhite,28,10,36
2. Disagree,1977,Female,White,42,10,19
2. Disagree,1977,Male,White,61,12,63
2. Disagree,1977,Male,White,60,12,28
2. Disagree,1977,Female,White,73,12,34
2. Disagree,1977,Male,White,30,6,28
2. Disagree,1977,Male,White,49,12,47
2. Disagree,1977,Female,White,63,8,36
2. Disagree,1989,Male,White,34,15,34
2. Disagree,1989,Female,Nonwhite,51,11,25
2. Disagree,1977,Male,White,58,13,23
2. Disagree,1977,Male,White,49,20,60
2. Disagree,1977,Male,White,54,14,49
2. Disagree,1977,Female,White,49,12,36
2. Disagree,1977,Male,Nonwhite,45,15,71
3. Agree,1977,Female,White,25,16,52
3. Agree,1989,Female,White,24,11,39
3. Agree,1977,Male,White,22,12,32
3. Agree,1977,Male,White,55,12,36
3. Agree,1989,Male,White,22,14,29
3. Agree,1977,Female,White,42,12,36
3. Agree,1989,Male,White,63,8,33
3. Agree,1977,Male,White,54,10,39
3. Agree,1989,Male,Nonwhite,40,6,26
3. Agree,1989,Male,White,65,12,36
3. Agree,1989,Female,White,42,15,62
3. Agree,1989,Female,White,48,14,50
3. Agree,1989,Male,White,24,12,36
3. Agree,1977,Female,White,38,15,61
3. Agree,1989,Male,White,72,18,68
3. Agree,1977,Female,White,53,16,52
3. Agree,1977,Female,White,64,8,32
3. Agree,1989,Female,White,61,14,36
3. Agree,1989,Female,White,56,18,76
3. Agree,1977,Female,White,74,8,32
3. Agree,1989,Male,White,26,18,43
3. Agree,1977,Male,White,65,13,69
3. Agree,1977,Female,White,70,6,50
3. Agree,1977,Male,Nonwhite,19,11,16
3. Agree,1989,Female,Nonwhite,28,8,31
3. Agree,1977,Male,White,41,8,19
3. Agree,1989,Male,White,40,19,76
3. Agree,1989,Female,White,72,8,41
3. Agree,1977,Female,White,21,11,20
3. Agree,1977,Female,White,30,12,36
3. Agree,1989,Male,White,27,14,16
3. Agree,1989,Female,White,75,12,50
3. Agree,1989,Female,White,33,17,62
3. Agree,1989,Male,White,45,12,51
3. Agree,1989,Male,White,51,18,50
3. Agree,1977,Female,Nonwhite,55,7,23
3. Agree,1989,Female,White,36,12,46
3. Agree,1977,Male,White,20,12,49
3. Agree,1977,Female,Nonwhite,50,7,18
3. Agree,1977,Female,White,23,11,34
3. Agree,1989,Male,White,45,17,57
3. Agree,1977,Female,White,39,12,34
3. Agree,1977,Female,White,23,12,20
3. Agree,1977,Male,White,27,11,17
3. Agree,1977,Female,White,23,13,42
3. Agree,1989,Female,White,27,16,36
3. Agree,1977,Male,White,42,14,50
3. Agree,1977,Female,White,50,12,31
3. Agree,1989,Female,White,53,16,35
3. Agree,1989,Male,White,32,14,37
3. Agree,1977,Female,White,53,12,50
3. Agree,1989,Female,Nonwhite,48,14,48
3. Agree,1977,Male,Nonwhite,49,9,24
3. Agree,1989,Female,White,50,12,40
3. Agree,1989,Male,White,43,13,33
3. Agree,1977,Female,White,61,16,60
3. Agree,1977,Male,White,28,12,37
3. Agree,1977,Female,White,58,12,25
3. Agree,1989,Male,White,66,14,50
3. Agree,1989,Female,White,55,14,62
3. Agree,1989,Male,Nonwhite,24,10,26
3. Agree,1977,Male,White,36,13,47
3. Agree,1989,Female,White,68,15,43
3. Agree,1977,Female,White,24,12,34
3. Agree,1989,Female,White,43,14,50
3. Agree,1977,Female,White,60,12,34
3. Agree,1977,Male,White,73,7,37
3. Agree,1977,Male,White,65,17,60
3. Agree,1977,Female,Nonwhite,56,12,14
3. Agree,1989,Female,Nonwhite,56,16,62
3. Agree,1977,Female,White,39,12,46
3. Agree,1989,Male,White,41,18,50
3. Agree,1989,Female,White,28,16,57
3. Agree,1989,Female,White,60,13,34
3. Agree,1977,Female,Nonwhite,37,11,43
3. Agree,1989,Female,White,28,16,61
3. Agree,1977,Female,White,34,12,33
3. Agree,1989,Male,White,38,19,76
3. Agree,1977,Male,White,28,12,32
3. Agree,1989,Male,White,75,12,40
3. Agree,1989,Male,White,27,16,67
3. Agree,1977,Male,White,42,16,50
3. Agree,1977,Female,White,20,11,20
3. Agree,1977,Female,Nonwhite,25,9,32
3. Agree,1989,Male,White,24,16,63
3. Agree,1989,Female,White,56,12,41
3. Agree,1989,Female,White,39,12,36
3. Agree,1977,Female,White,67,16,31
3. Agree,1989,Female,Nonwhite,43,12,42
3. Agree,1977,Male,White,60,10,37
3. Agree,1989,Female,White,35,15,62
3. Agree,1989,Female,White,29,16,50
3. Agree,1977,Male,White,23,13,45
3. Agree,1989,Female,White,24,12,41
3. Agree,1989,Female,White,25,16,60
3. Agree,1977,Male,White,55,9,50
3. Agree,1977,Female,White,28,12,36
3. Agree,1977,Male,Nonwhite,36,16,68
3. Agree,1989,Male,White,53,12,36
3. Agree,1977,Male,White,59,17,61
3. Agree,1989,Female,White,59,11,50
3. Agree,1977,Female,Nonwhite,33,12,18
3. Agree,1989,Female,White,28,12,36
3. Agree,1977,Female,White,19,12,20
3. Agree,1977,Female,White,37,13,36
3. Agree,1989,Male,White,67,18,63
3. Agree,1989,Male,White,34,12,61
3. Agree,1989,Female,White,79,13,46
3. Agree,1977,Female,Nonwhite,59,4,16
3. Agree,1989,Male,White,28,14,57
3. Agree,1977,Female,White,49,12,47
3. Agree,1989,Female,White,55,12,39
3. Agree,1977,Male,White,63,15,61
3. Agree,1977,Female,White,41,12,46
3. Agree,1989,Female,White,29,14,20
3. Agree,1989,Female,White,42,9,36
3. Agree,1989,Male,White,29,12,37
3. Agree,1977,Male,White,33,14,34
3. Agree,1977,Female,White,34,16,46
3. Agree,1977,Male,White,34,11,17
3. Agree,1989,Male,White,39,12,39
3. Agree,1989,Male,Nonwhite,19,14,26
3. Agree,1977,Male,White,28,18,78
3. Agree,1989,Male,White,40,12,17
3. Agree,1989,Male,White,26,12,39
3. Agree,1989,Female,White,27,16,51
3. Agree,1977,Female,White,34,16,50
3. Agree,1989,Female,White,25,17,60
3. Agree,1977,Male,White,27,18,63
3. Agree,1977,Male,White,76,8,40
3. Agree,1989,Female,White,38,15,62
3. Agree,1989,Male,White,79,15,56
3. Agree,1989,Female,White,43,12,60
3. Agree,1989,Male,White,45,12,56
3. Agree,1989,Male,White,28,15,51
3. Agree,1989,Female,White,18,11,34
3. Agree,1977,Male,White,46,16,51
3. Agree,1977,Male,White,26,12,27
3. Agree,1989,Male,White,51,12,28
3. Agree,1977,Female,White,20,13,20
3. Agree,1977,Female,Nonwhite,65,7,22
3. Agree,1989,Female,White,49,12,43
3. Agree,1989,Male,White,24,14,22
3. Agree,1989,Female,White,38,13,32
3. Agree,1989,Female,White,27,12,34
3. Agree,1989,Female,White,36,14,46
3. Agree,1989,Female,White,27,12,36
3. Agree,1977,Female,White,65,6,40
3. Agree,1989,Female,White,27,12,20
3. Agree,1989,Male,White,25,12,36
3. Agree,1989,Female,White,31,13,50
3. Agree,1977,Female,White,55,13,46
3. Agree,1989,Female,White,39,5,32
3. Agree,1977,Female,White,62,12,27
3. Agree,1977,Female,White,52,12,37
3. Agree,1977,Male,White,59,12,41
3. Agree,1977,Male,White,38,15,54
3. Agree,1977,Female,White,30,11,32
3. Agree,1989,Female,White,35,16,62
3. Agree,1977,Male,White,76,16,50
3. Agree,1977,Male,White,21,12,34
3. Agree,1977,Female,White,36,12,25
3. Agree,1977,Female,White,54,12,61
3. Agree,1989,Female,White,55,12,72
3. Agree,1977,Female,Nonwhite,49,16,43
3. Agree,1977,Male,Nonwhite,32,12,33
3. Agree,1977,Female,White,75,16,63
3. Agree,1977,Female,White,65,10,31
3. Agree,1977,Female,White,34,16,34
3. Agree,1977,Male,Nonwhite,35,12,17
3. Agree,1989,Female,White,54,12,36
3. Agree,1989,Female,White,25,12,50
3. Agree,1989,Male,White,40,16,50
3. Agree,1989,Female,White,35,12,34
3. Agree,1977,Female,White,62,16,60
3. Agree,1989,Female,White,46,15,57
3. Agree,1977,Female,White,64,17,50
3. Agree,1977,Female,White,43,14,40
3. Agree,1977,Male,White,26,13,38
3. Agree,1977,Male,White,26,13,50
3. Agree,1989,Female,White,28,9,38
3. Agree,1989,Male,White,37,12,30
3. Agree,1989,Male,White,31,12,41
3. Agree,1977,Male,White,47,12,47
3. Agree,1977,Male,White,24,14,37
3. Agree,1977,Female,White,25,16,36
3. Agree,1989,Male,White,38,12,33
3. Agree,1989,Female,Nonwhite,25,11,60
3. Agree,1989,Female,White,25,16,62
3. Agree,1977,Male,White,39,16,60
3. Agree,1989,Female,White,80,12,61
3. Agree,1977,Male,White,35,11,29
3. Agree,1989,Male,White,39,16,61
3. Agree,1989,Female,Nonwhite,27,20,68
3. Agree,1977,Male,White,23,16,22
3. Agree,1989,Female,White,66,12,36
3. Agree,1977,Female,White,49,15,62
3. Agree,1989,Male,White,72,12,49
3. Agree,1977,Male,White,49,16,34
3. Agree,1977,Male,White,25,16,32
3. Agree,1989,Male,Nonwhite,28,12,29
3. Agree,1977,Male,White,22,12,33
3. Agree,1989,Female,White,78,11,36
3. Agree,1977,Female,Nonwhite,31,11,33
3. Agree,1989,Male,White,46,12,34
3. Agree,1977,Female,White,27,12,31
3. Agree,1977,Female,White,35,18,63
3. Agree,1989,Female,White,49,17,78
3. Agree,1989,Female,White,61,8,22
3. Agree,1977,Male,White,21,12,14
3. Agree,1989,Female,White,21,13,36
3. Agree,1989,Female,White,28,12,36
3. Agree,1977,Female,White,55,13,50
3. Agree,1989,Male,White,59,19,43
3. Agree,1977,Female,White,31,12,32
3. Agree,1989,Female,White,42,13,39
3. Agree,1977,Female,White,42,10,34
3. Agree,1977,Male,Nonwhite,45,15,61
3. Agree,1977,Male,White,28,16,76
3. Agree,1989,Male,Nonwhite,55,1,50
3. Agree,1977,Female,White,34,11,31
3. Agree,1989,Male,White,47,11,47
3. Agree,1977,Male,White,24,13,34
3. Agree,1977,Male,White,70,12,30
3. Agree,1989,Male,Nonwhite,53,15,49
3. Agree,1989,Female,White,69,12,26
3. Agree,1989,Male,Nonwhite,63,12,32
3. Agree,1989,Male,White,61,6,23
3. Agree,1989,Male,White,21,12,40
3. Agree,1977,Male,Nonwhite,25,12,32
3. Agree,1977,Female,White,28,19,78
3. Agree,1977,Female,White,73,11,48
3. Agree,1977,Male,White,37,12,50
3. Agree,1977,Male,White,66,14,34
3. Agree,1989,Female,White,45,11,15
3. Agree,1989,Female,White,38,12,47
3. Agree,1977,Male,White,53,16,36
3. Agree,1989,Female,White,66,12,33
3. Agree,1989,Female,White,38,12,36
3. Agree,1977,Male,White,23,16,60
3. Agree,1977,Female,White,21,12,46
3. Agree,1989,Male,White,85,8,30
3. Agree,1989,Female,White,48,12,36
3. Agree,1977,Female,White,47,12,62
3. Agree,1989,Male,White,31,12,24
3. Agree,1989,Female,Nonwhite,60,10,42
3. Agree,1977,Male,White,50,12,50
3. Agree,1989,Female,White,27,14,25
3. Agree,1989,Male,White,27,12,48
3. Agree,1977,Female,Nonwhite,57,4,18
3. Agree,1989,Female,White,25,14,17
3. Agree,1989,Male,White,52,16,27
3. Agree,1977,Female,White,41,8,27
3. Agree,1989,Female,White,32,12,50
3. Agree,1977,Female,White,24,16,61
3. Agree,1977,Male,White,24,12,33
3. Agree,1989,Female,White,49,12,45
3. Agree,1977,Female,White,58,12,46
3. Agree,1977,Female,Nonwhite,65,4,18
3. Agree,1989,Male,White,50,12,50
3. Agree,1989,Male,White,22,12,17
3. Agree,1989,Male,White,33,12,40
3. Agree,1989,Female,White,77,14,46
3. Agree,1977,Female,White,26,12,44
3. Agree,1989,Female,Nonwhite,29,12,45
3. Agree,1977,Female,White,31,12,27
3. Agree,1977,Male,White,30,12,27
3. Agree,1989,Male,White,20,11,41
3. Agree,1977,Female,White,20,12,39
3. Agree,1989,Male,White,32,17,67
3. Agree,1989,Female,White,29,17,46
3. Agree,1989,Female,White,42,11,39
3. Agree,1977,Female,White,19,12,46
3. Agree,1989,Female,White,26,10,39
3. Agree,1989,Female,White,32,20,78
3. Agree,1977,Female,White,61,12,36
3. Agree,1977,Female,Nonwhite,22,13,46
3. Agree,1989,Male,White,66,13,50
3. Agree,1989,Female,White,27,12,20
3. Agree,1989,Female,White,22,15,62
3. Agree,1977,Male,White,29,9,32
3. Agree,1977,Female,White,31,12,44
3. Agree,1977,Female,White,52,12,36
3. Agree,1989,Male,White,41,12,33
3. Agree,1977,Male,White,79,8,41
3. Agree,1977,Female,Nonwhite,52,12,18
3. Agree,1977,Male,White,54,12,28
3. Agree,1989,Female,White,53,16,61
3. Agree,1977,Female,Nonwhite,32,12,18
3. Agree,1989,Female,White,21,15,20
3. Agree,1989,Female,White,28,12,46
3. Agree,1989,Female,White,39,12,61
3. Agree,1977,Male,White,38,12,37
3. Agree,1989,Female,White,19,12,15
3. Agree,1977,Female,White,61,17,52
3. Agree,1989,Male,White,42,12,45
3. Agree,1989,Male,White,46,12,41
3. Agree,1977,Male,White,25,12,32
3. Agree,1977,Female,White,77,8,29
3. Agree,1989,Female,White,51,14,48
3. Agree,1989,Male,White,28,13,48
3. Agree,1977,Female,White,21,13,34
3. Agree,1989,Female,White,40,11,17
3. Agree,1989,Male,White,51,14,47
3. Agree,1977,Female,White,26,12,36
3. Agree,1977,Male,White,42,13,32
3. Agree,1989,Male,White,27,11,35
3. Agree,1977,Female,White,26,12,20
3. Agree,1977,Male,White,37,11,32
3. Agree,1989,Male,White,45,19,60
3. Agree,1989,Male,White,59,17,44
3. Agree,1977,Male,White,53,14,50
3. Agree,1977,Female,White,35,16,60
3. Agree,1989,Male,Nonwhite,23,16,47
3. Agree,1989,Female,White,45,12,31
3. Agree,1989,Male,White,33,12,45
3. Agree,1977,Male,Nonwhite,36,13,47
3. Agree,1977,Female,White,39,12,36
3. Agree,1989,Female,White,59,11,31
3. Agree,1989,Female,White,35,13,56
3. Agree,1989,Male,White,32,12,17
3. Agree,1977,Male,White,27,12,35
3. Agree,1977,Male,White,45,14,50
3. Agree,1977,Male,White,72,7,22
3. Agree,1989,Female,White,32,16,57
3. Agree,1989,Female,White,67,7,41
3. Agree,1989,Female,White,68,14,50
3. Agree,1977,Male,White,67,8,41
3. Agree,1977,Male,Nonwhite,30,6,40
3. Agree,1977,Female,White,30,13,56
3. Agree,1977,Male,White,48,20,69
3. Agree,1989,Female,White,70,12,62
3. Agree,1977,Female,White,65,12,36
3. Agree,1989,Male,White,22,15,26
3. Agree,1989,Male,White,41,12,50
3. Agree,1989,Male,White,27,14,39
3. Agree,1989,Male,White,36,20,82
3. Agree,1989,Male,White,29,11,50
3. Agree,1989,Male,White,53,12,34
3. Agree,1977,Male,White,39,12,35
3. Agree,1977,Female,White,57,12,46
3. Agree,1977,Male,White,42,12,40
3. Agree,1977,Female,White,58,11,43
3. Agree,1977,Male,White,27,14,40
3. Agree,1989,Female,White,41,13,28
3. Agree,1989,Male,White,62,16,51
3. Agree,1977,Male,White,66,8,39
3. Agree,1977,Male,White,36,15,32
3. Agree,1989,Female,White,27,15,56
3. Agree,1977,Male,White,37,13,34
3. Agree,1977,Female,White,40,12,22
3. Agree,1989,Female,White,81,12,36
3. Agree,1989,Male,White,28,14,50
3. Agree,1977,Female,White,20,12,19
3. Agree,1989,Male,White,62,5,32
3. Agree,1977,Female,White,47,13,61
3. Agree,1977,Male,White,25,16,47
3. Agree,1989,Female,White,47,12,45
3. Agree,1989,Female,White,19,12,12
3. Agree,1989,Male,White,23,12,37
3. Agree,1977,Male,White,66,8,33
3. Agree,1977,Female,White,58,12,62
3. Agree,1977,Male,White,37,18,78
3. Agree,1989,Male,White,29,12,35
3. Agree,1989,Female,White,66,12,22
3. Agree,1989,Male,White,70,15,47
3. Agree,1977,Female,White,63,12,32
3. Agree,1989,Female,White,27,13,55
3. Agree,1989,Female,White,51,11,57
3. Agree,1989,Female,White,66,12,50
3. Agree,1977,Male,White,22,8,18
3. Agree,1977,Male,Nonwhite,24,12,17
3. Agree,1989,Male,White,30,4,45
3. Agree,1989,Female,White,30,13,32
3. Agree,1977,Female,White,26,16,50
3. Agree,1977,Male,White,24,13,29
3. Agree,1977,Female,White,38,12,41
3. Agree,1989,Male,White,27,14,26
3. Agree,1977,Male,White,20,11,18
3. Agree,1977,Male,White,57,14,34
3. Agree,1977,Female,White,67,8,33
3. Agree,1977,Male,White,37,18,51
3. Agree,1977,Female,Nonwhite,33,11,26
3. Agree,1977,Male,White,74,8,26
3. Agree,1989,Female,White,37,12,51
3. Agree,1977,Female,White,60,16,63
3. Agree,1977,Female,White,24,12,36
3. Agree,1977,Male,White,74,6,45
3. Agree,1989,Male,Nonwhite,24,14,40
3. Agree,1977,Female,Nonwhite,31,17,61
3. Agree,1977,Male,White,24,9,17
3. Agree,1989,Male,White,44,12,56
3. Agree,1989,Male,White,34,14,16
3. Agree,1977,Male,White,27,14,23
3. Agree,1977,Male,White,53,12,41
3. Agree,1989,Female,White,46,12,45
3. Agree,1977,Male,White,22,9,16
3. Agree,1989,Male,White,34,12,49
3. Agree,1989,Male,Nonwhite,23,18,51
3. Agree,1989,Female,White,40,16,46
3. Agree,1977,Female,White,30,16,34
3. Agree,1989,Female,White,78,8,18
3. Agree,1989,Male,White,69,15,71
3. Agree,1989,Male,White,69,14,41
3. Agree,1977,Female,White,33,12,28
3. Agree,1989,Female,White,63,10,20
3. Agree,1989,Female,Nonwhite,38,15,60
3. Agree,1989,Female,White,30,12,32
3. Agree,1977,Female,Nonwhite,29,12,45
3. Agree,1977,Female,White,56,12,30
3. Agree,1977,Female,White,30,7,18
3. Agree,1989,Female,White,56,12,46
3. Agree,1977,Male,Nonwhite,34,12,47
3. Agree,1989,Male,White,42,12,57
3. Agree,1989,Male,White,29,12,47
3. Agree,1977,Female,White,58,6,19
3. Agree,1977,Female,White,68,12,46
3. Agree,1977,Male,White,46,12,48
3. Agree,1989,Female,White,74,8,61
3. Agree,1977,Male,White,41,14,50
3. Agree,1977,Female,Nonwhite,32,12,60
3. Agree,1977,Male,Nonwhite,36,11,32
3. Agree,1989,Female,White,40,8,31
3. Agree,1989,Female,White,51,12,27
3. Agree,1989,Male,Nonwhite,43,13,40
3. Agree,1977,Female,White,59,16,63
3. Agree,1977,Male,White,19,11,30
3. Agree,1989,Male,White,37,18,36
3. Agree,1977,Male,White,71,4,23
3. Agree,1989,Male,White,38,14,51
3. Agree,1977,Male,White,26,12,40
3. Agree,1989,Male,White,34,12,23
3. Agree,1977,Female,White,31,14,46
3. Agree,1977,Female,White,53,7,25
3. Agree,1977,Male,White,42,16,47
3. Agree,1977,Female,White,46,11,28
3. Agree,1977,Female,White,35,12,46
3. Agree,1977,Female,White,34,15,43
3. Agree,1977,Female,Nonwhite,65,10,23
3. Agree,1977,Male,Nonwhite,36,10,36
3. Agree,1989,Male,White,50,12,41
3. Agree,1989,Female,White,72,14,42
3. Agree,1989,Male,White,37,17,69
3. Agree,1989,Female,White,27,12,45
3. Agree,1977,Male,White,59,8,50
3. Agree,1989,Male,White,26,17,69
3. Agree,1977,Male,White,33,12,47
3. Agree,1977,Female,White,73,10,31
3. Agree,1989,Female,White,31,12,36
3. Agree,1989,Female,White,40,12,32
3. Agree,1989,Male,White,72,8,32
3. Agree,1977,Female,Nonwhite,86,5,14
3. Agree,1977,Female,Nonwhite,66,4,18
3. Agree,1989,Female,Nonwhite,54,11,17
3. Agree,1989,Male,White,20,12,22
3. Agree,1977,Female,Nonwhite,40,12,15
3. Agree,1989,Male,White,36,16,68
3. Agree,1989,Male,White,48,19,63
3. Agree,1977,Female,White,21,13,34
3. Agree,1977,Male,White,23,14,29
3. Agree,1977,Female,White,28,15,36
3. Agree,1977,Male,Nonwhite,30,14,29
3. Agree,1989,Male,Nonwhite,36,14,32
3. Agree,1989,Male,White,36,14,40
3. Agree,1977,Female,White,26,12,48
3. Agree,1977,Female,Nonwhite,32,14,48
3. Agree,1977,Male,White,22,12,34
3. Agree,1977,Male,White,51,12,49
3. Agree,1989,Female,White,80,7,23
3. Agree,1977,Male,White,26,13,35
3. Agree,1989,Male,White,39,20,63
3. Agree,1977,Male,White,57,12,37
3. Agree,1989,Male,White,66,12,48
3. Agree,1989,Female,White,25,13,50
3. Agree,1989,Female,White,62,12,36
3. Agree,1989,Female,White,76,12,26
3. Agree,1977,Female,White,62,14,42
3. Agree,1977,Female,White,51,18,74
3. Agree,1977,Male,White,65,12,38
3. Agree,1977,Male,White,36,18,37
3. Agree,1989,Female,White,24,17,36
3. Agree,1977,Female,White,38,12,46
3. Agree,1977,Female,White,20,12,36
3. Agree,1989,Male,White,48,12,49
3. Agree,1989,Female,White,41,13,25
3. Agree,1977,Male,White,31,12,50
3. Agree,1989,Male,White,19,10,26
3. Agree,1989,Male,White,35,15,49
3. Agree,1989,Female,White,29,11,31
3. Agree,1989,Male,White,37,12,50
3. Agree,1989,Male,White,75,18,76
3. Agree,1989,Female,White,58,12,48
3. Agree,1977,Male,White,29,12,31
3. Agree,1989,Female,White,41,12,48
3. Agree,1977,Male,White,58,9,40
3. Agree,1989,Female,Nonwhite,47,10,18
3. Agree,1989,Male,White,44,12,50
3. Agree,1989,Male,White,49,18,50
3. Agree,1977,Male,White,33,11,30
3. Agree,1977,Male,White,30,16,61
3. Agree,1977,Female,White,77,14,50
3. Agree,1977,Female,White,42,12,45
3. Agree,1989,Female,White,47,9,16
3. Agree,1977,Male,White,27,12,22
3. Agree,1977,Female,White,50,15,44
3. Agree,1989,Female,White,36,14,50
3. Agree,1977,Female,White,58,12,62
3. Agree,1989,Female,Nonwhite,51,11,48
3. Agree,1989,Male,White,21,12,50
3. Agree,1977,Male,White,63,11,40
3. Agree,1977,Male,White,29,12,28
3. Agree,1989,Female,White,74,14,51
3. Agree,1977,Female,White,56,10,29
3. Agree,1989,Female,White,55,13,42
3. Agree,1989,Male,White,39,12,49
3. Agree,1977,Male,White,39,16,56
3. Agree,1977,Male,White,25,16,63
3. Agree,1977,Female,Nonwhite,33,12,40
3. Agree,1989,Male,Nonwhite,56,12,18
3. Agree,1989,Female,White,33,14,36
3. Agree,1977,Female,White,19,12,20
3. Agree,1989,Male,White,28,12,23
3. Agree,1977,Male,White,24,13,35
3. Agree,1989,Female,Nonwhite,48,12,33
3. Agree,1977,Female,White,42,16,60
3. Agree,1989,Female,White,24,16,60
3. Agree,1977,Male,White,45,10,17
3. Agree,1977,Female,White,37,19,51
3. Agree,1977,Male,White,31,19,69
3. Agree,1989,Male,White,42,16,47
3. Agree,1989,Male,White,55,12,22
3. Agree,1977,Male,White,60,12,47
3. Agree,1977,Male,White,58,12,40
3. Agree,1977,Female,White,48,12,57
3. Agree,1989,Female,White,48,8,32
3. Agree,1977,Male,White,29,9,40
3. Agree,1977,Female,White,22,12,36
3. Agree,1989,Female,White,63,18,78
3. Agree,1989,Female,White,35,12,16
3. Agree,1977,Female,White,47,16,22
3. Agree,1977,Male,White,30,16,29
3. Agree,1977,Male,White,26,14,44
3. Agree,1989,Male,Nonwhite,33,14,51
3. Agree,1989,Male,White,25,17,58
3. Agree,1989,Female,White,39,16,61
3. Agree,1977,Female,Nonwhite,38,14,36
3. Agree,1989,Male,White,39,14,17
3. Agree,1977,Male,White,29,14,32
3. Agree,1977,Male,White,26,15,50
3. Agree,1977,Female,Nonwhite,26,16,60
3. Agree,1977,Male,White,41,16,47
3. Agree,1989,Male,White,53,10,37
3. Agree,1977,Female,White,66,12,40
3. Agree,1977,Female,White,23,12,48
3. Agree,1977,Female,White,27,11,43
3. Agree,1989,Male,White,34,14,50
3. Agree,1989,Female,White,74,3,36
3. Agree,1977,Male,White,21,12,47
3. Agree,1977,Male,White,46,20,57
3. Agree,1989,Female,Nonwhite,64,8,28
3. Agree,1977,Female,White,36,16,63
3. Agree,1989,Female,White,25,11,31
3. Agree,1977,Male,White,26,10,27
3. Agree,1977,Male,White,89,12,47
3. Agree,1977,Male,White,54,12,36
3. Agree,1977,Male,White,27,14,48
3. Agree,1977,Male,White,63,10,40
3. Agree,1977,Female,White,46,10,26
3. Agree,1977,Male,White,33,12,45
3. Agree,1977,Female,White,71,6,12
3. Agree,1989,Female,White,29,10,32
3. Agree,1989,Female,Nonwhite,29,9,25
3. Agree,1977,Female,White,72,14,60
3. Agree,1977,Female,White,28,12,32
3. Agree,1977,Female,Nonwhite,55,14,46
3. Agree,1977,Male,Nonwhite,49,10,17
3. Agree,1977,Female,Nonwhite,37,15,36
3. Agree,1977,Female,White,33,15,62
3. Agree,1977,Female,White,50,12,50
3. Agree,1989,Female,White,30,16,78
3. Agree,1989,Male,White,28,13,32
3. Agree,1977,Female,White,25,14,47
3. Agree,1989,Female,White,44,16,57
3. Agree,1977,Female,White,31,14,51
3. Agree,1989,Female,Nonwhite,51,12,32
3. Agree,1989,Female,White,52,12,46
3. Agree,1977,Male,White,24,12,51
3. Agree,1977,Male,White,21,14,26
3. Agree,1989,Male,White,31,16,41
3. Agree,1977,Female,White,75,8,43
3. Agree,1989,Female,White,60,10,46
3. Agree,1977,Male,White,49,15,47
3. Agree,1977,Male,White,48,12,33
3. Agree,1977,Female,White,35,11,27
3. Agree,1989,Male,White,28,14,17
3. Agree,1977,Female,White,80,8,32
3. Agree,1977,Male,White,20,12,29
3. Agree,1977,Male,Nonwhite,27,16,69
3. Agree,1977,Female,White,54,12,46
3. Agree,1977,Female,White,48,7,20
3. Agree,1977,Female,White,63,8,18
3. Agree,1977,Female,White,60,12,36
3. Agree,1977,Female,White,30,17,60
3. Agree,1989,Female,White,21,12,41
3. Agree,1977,Female,Nonwhite,41,12,36
3. Agree,1977,Male,White,40,20,50
3. Agree,1989,Female,Nonwhite,48,9,36
3. Agree,1989,Male,Nonwhite,24,12,41
3. Agree,1989,Female,White,55,12,26
3. Agree,1977,Female,White,80,18,46
3. Agree,1977,Male,White,27,16,47
3. Agree,1977,Female,White,45,12,19
3. Agree,1989,Female,White,67,11,34
3. Agree,1977,Male,White,24,13,43
3. Agree,1977,Female,White,24,12,43
3. Agree,1977,Female,White,30,16,36
3. Agree,1977,Male,White,28,10,19
3. Agree,1977,Female,White,42,12,48
3. Agree,1977,Male,White,28,11,22
3. Agree,1977,Female,White,35,12,36
3. Agree,1977,Male,White,44,8,33
3. Agree,1977,Male,Nonwhite,53,5,18
3. Agree,1989,Male,White,21,12,28
3. Agree,1989,Male,White,31,16,71
3. Agree,1977,Female,White,36,17,60
3. Agree,1977,Male,White,50,6,17
3. Agree,1977,Male,White,24,13,30
3. Agree,1989,Male,White,34,19,63
3. Agree,1989,Male,White,31,15,57
3. Agree,1977,Female,Nonwhite,24,12,34
3. Agree,1989,Female,White,30,20,62
3. Agree,1989,Female,White,44,16,63
3. Agree,1977,Female,Nonwhite,39,12,36
3. Agree,1989,Male,White,22,12,34
3. Agree,1977,Male,White,33,19,61
3. Agree,1977,Male,White,27,18,60
3. Agree,1977,Female,White,25,16,63
3. Agree,1977,Female,White,34,14,51
3. Agree,1977,Female,White,34,12,34
3. Agree,1989,Female,White,45,10,20
3. Agree,1977,Female,Nonwhite,62,12,56
3. Agree,1977,Female,White,78,8,18
3. Agree,1977,Female,White,23,12,29
3. Agree,1989,Male,Nonwhite,34,13,44
3. Agree,1977,Male,White,64,8,40
3. Agree,1989,Male,White,34,10,28
3. Agree,1989,Male,White,48,17,76
3. Agree,1977,Male,Nonwhite,23,10,28
3. Agree,1989,Female,White,67,9,25
3. Agree,1989,Male,White,25,11,48
3. Agree,1977,Male,White,44,16,50
3. Agree,1989,Female,White,65,12,45
3. Agree,1989,Female,White,78,10,36
3. Agree,1977,Male,White,31,11,32
3. Agree,1977,Female,White,28,12,34
3. Agree,1977,Female,White,70,9,36
3. Agree,1977,Male,White,22,13,27
3. Agree,1989,Female,Nonwhite,67,12,33
3. Agree,1989,Female,White,57,13,39
3. Agree,1989,Female,White,89,16,78
3. Agree,1989,Male,White,42,11,17
3. Agree,1977,Male,White,19,12,17
3. Agree,1989,Female,White,52,11,31
3. Agree,1977,Male,White,52,8,40
3. Agree,1989,Male,White,70,12,36
3. Agree,1989,Male,White,27,20,47
3. Agree,1989,Female,Nonwhite,23,12,17
3. Agree,1989,Female,White,72,11,36
3. Agree,1977,Female,White,35,10,27
3. Agree,1989,Male,White,68,12,46
3. Agree,1977,Female,White,54,12,50
3. Agree,1989,Female,White,79,8,18
3. Agree,1977,Female,White,21,12,48
3. Agree,1977,Male,White,44,8,32
3. Agree,1977,Female,White,23,12,34
3. Agree,1977,Female,White,21,14,32
3. Agree,1989,Male,White,37,14,50
3. Agree,1977,Female,White,28,13,27
3. Agree,1977,Female,White,40,11,32
3. Agree,1989,Female,White,39,12,32
3. Agree,1977,Male,Nonwhite,23,14,22
3. Agree,1977,Male,White,71,14,36
3. Agree,1977,Female,White,40,12,62
3. Agree,1977,Female,White,30,14,46
3. Agree,1989,Male,Nonwhite,45,16,72
3. Agree,1989,Female,White,32,12,34
3. Agree,1977,Male,White,25,14,22
3. Agree,1989,Female,White,66,12,35
3. Agree,1989,Male,White,41,20,78
3. Agree,1989,Female,White,75,10,42
3. Agree,1977,Male,White,30,16,34
3. Agree,1977,Female,White,22,12,27
3. Agree,1977,Male,White,22,15,17
3. Agree,1989,Male,Nonwhite,39,16,48
3. Agree,1977,Male,White,45,8,37
3. Agree,1989,Male,White,23,15,34
3. Agree,1977,Female,Nonwhite,26,12,26
3. Agree,1989,Male,White,21,14,36
3. Agree,1977,Female,Nonwhite,57,12,18
3. Agree,1977,Female,White,26,13,27
3. Agree,1989,Male,White,42,20,78
3. Agree,1977,Male,White,39,12,22
3. Agree,1977,Female,White,72,6,26
3. Agree,1977,Male,White,48,12,23
3. Agree,1977,Female,White,20,14,45
3. Agree,1977,Female,White,42,12,46
3. Agree,1977,Male,White,46,10,27
3. Agree,1977,Male,White,35,16,57
3. Agree,1977,Male,White,81,5,36
3. Agree,1977,Female,White,22,12,31
3. Agree,1989,Female,White,38,14,46
3. Agree,1989,Male,White,23,14,18
3. Agree,1989,Male,White,23,10,40
3. Agree,1977,Male,White,24,16,50
3. Agree,1989,Female,White,32,11,20
3. Agree,1989,Male,White,40,16,57
3. Agree,1977,Female,Nonwhite,26,14,42
3. Agree,1989,Male,White,89,14,48
3. Agree,1989,Male,White,70,9,50
3. Agree,1989,Male,White,37,10,23
3. Agree,1989,Male,White,30,13,78
3. Agree,1989,Female,White,35,14,48
3. Agree,1977,Male,White,49,16,71
3. Agree,1989,Male,Nonwhite,23,12,29
3. Agree,1977,Female,White,57,12,34
3. Agree,1989,Female,Nonwhite,55,9,36
3. Agree,1977,Male,White,20,12,23
3. Agree,1989,Male,White,43,13,40
3. Agree,1977,Male,White,47,16,50
3. Agree,1977,Female,White,48,14,41
3. Agree,1977,Female,White,57,7,15
3. Agree,1977,Male,White,35,12,39
3. Agree,1977,Female,White,22,12,41
3. Agree,1989,Male,White,42,10,30
3. Agree,1989,Male,White,36,14,34
3. Agree,1989,Male,White,64,3,32
3. Agree,1989,Male,White,45,12,50
3. Agree,1977,Female,White,40,12,31
3. Agree,1989,Female,White,28,16,61
3. Agree,1977,Female,White,51,13,46
3. Agree,1977,Female,White,19,11,14
3. Agree,1977,Female,White,32,17,60
3. Agree,1989,Female,Nonwhite,51,14,63
3. Agree,1989,Female,White,36,19,37
3. Agree,1977,Female,White,30,18,60
3. Agree,1989,Male,White,36,18,76
3. Agree,1977,Female,White,60,12,48
3. Agree,1977,Female,White,55,14,50
3. Agree,1989,Female,White,70,8,31
3. Agree,1977,Female,White,55,13,38
3. Agree,1977,Male,White,56,18,71
3. Agree,1977,Female,White,21,12,23
3. Agree,1977,Female,White,57,11,29
3. Agree,1989,Female,White,53,16,60
3. Agree,1977,Female,White,55,16,46
3. Agree,1989,Male,White,22,12,38
3. Agree,1977,Female,White,38,18,63
3. Agree,1989,Female,Nonwhite,25,14,39
3. Agree,1977,Male,Nonwhite,37,14,69
3. Agree,1977,Female,White,59,12,32
3. Agree,1977,Male,Nonwhite,63,3,41
3. Agree,1977,Female,White,51,12,62
3. Agree,1989,Female,White,75,7,12
3. Agree,1989,Male,White,21,12,37
3. Agree,1977,Female,White,28,12,45
3. Agree,1989,Male,White,65,18,35
3. Agree,1977,Female,White,43,16,51
3. Agree,1989,Male,White,40,12,35
3. Agree,1977,Female,White,50,12,46
3. Agree,1977,Male,White,44,12,50
3. Agree,1977,Female,White,36,16,51
3. Agree,1989,Male,White,31,8,36
3. Agree,1977,Male,White,67,13,57
3. Agree,1977,Female,White,52,14,61
3. Agree,1989,Male,White,28,17,51
3. Agree,1977,Female,White,36,13,46
3. Agree,1977,Female,White,25,17,63
3. Agree,1989,Male,White,38,12,37
3. Agree,1989,Female,Nonwhite,36,10,27
3. Agree,1989,Female,White,42,15,52
3. Agree,1977,Male,White,42,10,27
3. Agree,1977,Male,White,28,20,67
3. Agree,1989,Female,White,69,12,36
3. Agree,1977,Male,White,59,14,47
3. Agree,1977,Female,Nonwhite,53,9,18
3. Agree,1989,Female,White,65,9,29
3. Agree,1977,Male,White,22,14,14
3. Agree,1977,Female,White,48,12,32
3. Agree,1977,Male,White,24,9,29
3. Agree,1977,Male,White,28,11,17
3. Agree,1977,Male,White,36,13,45
3. Agree,1977,Male,White,28,12,37
3. Agree,1989,Female,White,25,7,22
3. Agree,1977,Female,White,55,12,50
3. Agree,1977,Male,White,52,16,71
3. Agree,1989,Male,White,72,8,36
3. Agree,1977,Male,White,43,14,50
3. Agree,1977,Male,White,33,14,50
3. Agree,1989,Female,Nonwhite,55,12,50
3. Agree,1977,Male,White,38,12,36
3. Agree,1977,Female,White,26,13,46
3. Agree,1989,Female,White,55,12,31
3. Agree,1989,Female,White,24,12,46
3. Agree,1977,Female,White,26,13,22
3. Agree,1977,Female,White,28,14,46
3. Agree,1989,Female,White,43,12,72
3. Agree,1977,Female,White,58,12,29
3. Agree,1977,Female,White,56,13,48
3. Agree,1989,Male,White,37,14,50
3. Agree,1977,Female,White,53,12,50
3. Agree,1977,Female,White,31,14,34
3. Agree,1977,Male,White,52,7,47
3. Agree,1989,Male,White,42,13,28
3. Agree,1977,Male,White,41,12,28
3. Agree,1989,Female,White,34,13,36
3. Agree,1989,Male,White,34,18,50
3. Agree,1977,Female,White,53,9,17
3. Agree,1989,Male,White,45,13,32
3. Agree,1989,Male,White,31,14,40
3. Agree,1989,Female,White,60,9,34
3. Agree,1977,Female,White,31,12,46
3. Agree,1977,Female,White,57,7,19
3. Agree,1977,Female,White,26,11,48
3. Agree,1977,Male,White,46,20,63
3. Agree,1977,Male,White,59,16,50
3. Agree,1977,Male,Nonwhite,26,12,36
3. Agree,1989,Male,White,55,12,22
3. Agree,1989,Female,White,30,9,32
3. Agree,1977,Male,White,32,16,60
3. Agree,1977,Female,White,41,12,39
3. Agree,1989,Female,White,34,16,50
3. Agree,1977,Female,White,26,16,34
3. Agree,1989,Female,White,77,16,60
3. Agree,1989,Female,Nonwhite,57,11,22
3. Agree,1989,Female,Nonwhite,25,16,36
3. Agree,1977,Female,White,39,10,19
3. Agree,1989,Male,White,46,13,37
3. Agree,1989,Female,White,32,12,46
3. Agree,1977,Female,White,37,12,46
3. Agree,1977,Male,White,38,13,50
3. Agree,1977,Male,White,59,9,40
3. Agree,1989,Female,White,65,13,36
3. Agree,1977,Male,White,44,7,36
3. Agree,1977,Female,White,33,12,18
3. Agree,1977,Female,White,38,6,36
3. Agree,1977,Female,White,25,13,50
3. Agree,1989,Female,White,49,18,72
3. Agree,1977,Female,White,60,12,46
3. Agree,1977,Female,White,83,8,20
3. Agree,1977,Female,Nonwhite,71,9,18
3. Agree,1977,Male,White,67,8,16
3. Agree,1977,Male,White,58,15,33
3. Agree,1989,Female,Nonwhite,28,10,36
3. Agree,1989,Male,Nonwhite,40,3,40
3. Agree,1977,Male,White,26,16,37
3. Agree,1977,Female,White,49,12,34
4. Strongly agree,1989,Female,Nonwhite,61,16,52
4. Strongly agree,1977,Female,White,49,8,36
4. Strongly agree,1977,Female,White,25,12,48
4. Strongly agree,1989,Female,White,65,11,50
4. Strongly agree,1977,Female,White,49,12,36
4. Strongly agree,1977,Male,White,61,12,46
4. Strongly agree,1977,Female,White,58,8,19
4. Strongly agree,1989,Male,White,23,12,27
4. Strongly agree,1989,Female,Nonwhite,55,14,52
4. Strongly agree,1977,Female,White,37,12,25
4. Strongly agree,1977,Female,Nonwhite,47,16,46
4. Strongly agree,1977,Male,White,27,18,63
4. Strongly agree,1977,Male,White,40,14,51
4. Strongly agree,1989,Female,White,68,8,27
4. Strongly agree,1989,Female,White,33,13,46
4. Strongly agree,1989,Male,White,52,9,49
4. Strongly agree,1989,Male,White,55,12,36
4. Strongly agree,1977,Female,White,49,12,41
4. Strongly agree,1977,Female,White,28,12,37
4. Strongly agree,1977,Female,White,47,12,58
4. Strongly agree,1977,Male,White,31,20,61
4. Strongly agree,1977,Female,White,20,12,23
4. Strongly agree,1989,Female,White,53,7,25
4. Strongly agree,1989,Female,White,29,14,44
4. Strongly agree,1989,Male,White,36,18,51
4. Strongly agree,1977,Male,White,51,12,50
4. Strongly agree,1977,Female,White,78,12,46
4. Strongly agree,1989,Male,White,42,19,41
4. Strongly agree,1989,Female,Nonwhite,44,13,45
4. Strongly agree,1977,Female,White,25,12,47
4. Strongly agree,1977,Female,White,34,12,34
4. Strongly agree,1977,Female,White,28,9,25
4. Strongly agree,1989,Male,White,37,16,47
4. Strongly agree,1989,Male,Nonwhite,54,14,40
4. Strongly agree,1977,Female,White,42,16,60
4. Strongly agree,1989,Female,White,33,10,12
4. Strongly agree,1989,Female,Nonwhite,41,12,34
4. Strongly agree,1989,Female,White,28,12,50
4. Strongly agree,1989,Male,White,27,11,45
4. Strongly agree,1977,Female,White,31,18,50
4. Strongly agree,1977,Female,Nonwhite,31,6,26
4. Strongly agree,1989,Female,White,21,12,39
4. Strongly agree,1989,Male,White,36,20,58
4. Strongly agree,1977,Female,White,49,18,60
4. Strongly agree,1989,Female,White,27,15,50
4. Strongly agree,1989,Male,White,50,12,49
4. Strongly agree,1977,Male,White,51,12,32
4. Strongly agree,1977,Female,White,52,12,33
4. Strongly agree,1977,Female,White,42,18,63
4. Strongly agree,1989,Female,White,33,12,38
4. Strongly agree,1989,Female,Nonwhite,29,15,51
4. Strongly agree,1989,Female,White,35,14,57
4. Strongly agree,1989,Male,White,34,14,50
4. Strongly agree,1977,Female,White,23,16,63
4. Strongly agree,1977,Female,Nonwhite,44,11,22
4. Strongly agree,1989,Female,White,66,12,46
4. Strongly agree,1989,Female,Nonwhite,36,9,41
4. Strongly agree,1989,Male,White,32,14,48
4. Strongly agree,1977,Female,White,53,14,57
4. Strongly agree,1989,Female,White,42,14,46
4. Strongly agree,1977,Female,White,39,12,50
4. Strongly agree,1977,Female,White,19,11,22
4. Strongly agree,1989,Male,White,35,10,32
4. Strongly agree,1977,Female,White,73,10,26
4. Strongly agree,1977,Female,White,29,13,42
4. Strongly agree,1977,Female,White,32,12,46
4. Strongly agree,1989,Male,White,30,12,47
4. Strongly agree,1989,Male,White,38,16,44
4. Strongly agree,1977,Male,White,30,13,37
4. Strongly agree,1977,Female,White,32,17,60
4. Strongly agree,1977,Female,White,39,13,46
4. Strongly agree,1989,Male,White,65,12,50
4. Strongly agree,1977,Female,White,44,15,36
4. Strongly agree,1977,Female,White,35,12,46
4. Strongly agree,1977,Female,White,33,11,14
4. Strongly agree,1989,Female,White,29,12,46
4. Strongly agree,1989,Female,White,46,16,52
4. Strongly agree,1989,Female,White,30,16,42
4. Strongly agree,1989,Female,White,45,12,36
4. Strongly agree,1989,Female,Nonwhite,35,14,31
4. Strongly agree,1989,Female,White,23,14,36
4. Strongly agree,1989,Male,White,28,9,40
4. Strongly agree,1989,Female,White,41,12,50
4. Strongly agree,1989,Female,White,24,14,51
4. Strongly agree,1977,Female,White,41,16,34
4. Strongly agree,1977,Male,White,36,16,78
4. Strongly agree,1977,Male,White,64,6,26
4. Strongly agree,1989,Female,White,21,14,50
4. Strongly agree,1977,Female,White,49,7,20
4. Strongly agree,1977,Female,White,21,13,20
4. Strongly agree,1977,Male,White,21,7,32
4. Strongly agree,1977,Female,White,48,12,46
4. Strongly agree,1989,Female,White,25,16,63
4. Strongly agree,1977,Female,White,24,13,62
4. Strongly agree,1989,Male,White,74,13,36
4. Strongly agree,1977,Female,Nonwhite,28,14,45
4. Strongly agree,1977,Male,White,20,14,31
4. Strongly agree,1989,Female,White,56,16,60
4. Strongly agree,1989,Female,White,33,13,48
4. Strongly agree,1977,Female,White,22,14,46
4. Strongly agree,1989,Female,White,20,12,31
4. Strongly agree,1989,Male,White,44,10,17
4. Strongly agree,1977,Female,White,29,10,34
4. Strongly agree,1989,Female,Nonwhite,26,15,57
4. Strongly agree,1989,Female,White,68,12,36
4. Strongly agree,1977,Female,White,39,19,60
4. Strongly agree,1989,Female,White,49,14,48
4. Strongly agree,1977,Female,White,34,16,60
4. Strongly agree,1989,Female,Nonwhite,28,15,61
4. Strongly agree,1989,Female,White,32,12,39
4. Strongly agree,1977,Female,White,25,18,36
4. Strongly agree,1977,Male,White,26,16,50
4. Strongly agree,1977,Female,White,34,10,25
4. Strongly agree,1989,Female,Nonwhite,43,16,22
4. Strongly agree,1977,Female,White,31,17,34
4. Strongly agree,1977,Female,White,48,12,46
4. Strongly agree,1977,Female,Nonwhite,88,9,19
4. Strongly agree,1977,Female,White,20,10,15
4. Strongly agree,1977,Female,White,69,5,16
4. Strongly agree,1977,Female,White,22,12,27
4. Strongly agree,1989,Female,White,33,12,46
4. Strongly agree,1989,Female,White,46,15,50
4. Strongly agree,1989,Female,White,33,15,61
4. Strongly agree,1977,Female,White,65,10,29
4. Strongly agree,1977,Female,White,30,17,63
4. Strongly agree,1977,Male,Nonwhite,56,11,12
4. Strongly agree,1977,Female,White,55,12,31
4. Strongly agree,1977,Female,White,71,6,26
4. Strongly agree,1977,Female,White,40,12,36
4. Strongly agree,1989,Female,White,68,8,17
4. Strongly agree,1989,Female,White,48,12,46
4. Strongly agree,1989,Female,Nonwhite,47,18,76
4. Strongly agree,1989,Female,White,37,15,51
4. Strongly agree,1989,Female,White,80,11,40
4. Strongly agree,1989,Female,White,32,12,48
4. Strongly agree,1977,Female,White,53,8,22
4. Strongly agree,1977,Female,White,35,14,26
4. Strongly agree,1977,Male,Nonwhite,37,18,60
4. Strongly agree,1989,Female,White,32,16,25
4. Strongly agree,1989,Male,Nonwhite,50,17,60
4. Strongly agree,1977,Female,White,37,12,27
4. Strongly agree,1989,Female,White,47,14,61
4. Strongly agree,1989,Male,White,43,14,45
4. Strongly agree,1977,Male,White,27,14,40
4. Strongly agree,1989,Female,Nonwhite,43,16,62
4. Strongly agree,1989,Female,White,49,12,27
4. Strongly agree,1977,Female,White,45,12,31
4. Strongly agree,1977,Female,White,36,12,62
4. Strongly agree,1977,Female,White,39,13,44
4. Strongly agree,1977,Female,White,48,10,19
4. Strongly agree,1977,Female,White,31,10,25
4. Strongly agree,1989,Female,White,37,13,50
4. Strongly agree,1977,Female,White,43,12,42
4. Strongly agree,1989,Female,White,42,19,76
4. Strongly agree,1977,Male,White,33,20,60
4. Strongly agree,1977,Female,White,39,12,41
4. Strongly agree,1989,Female,White,78,12,31
4. Strongly agree,1977,Female,White,38,12,46
4. Strongly agree,1989,Female,White,60,17,60
4. Strongly agree,1977,Female,White,53,11,36
4. Strongly agree,1977,Female,White,54,12,46
4. Strongly agree,1977,Female,Nonwhite,33,15,31
4. Strongly agree,1977,Female,White,42,12,46
4. Strongly agree,1989,Male,Nonwhite,20,12,32
4. Strongly agree,1989,Female,White,44,16,34
4. Strongly agree,1989,Female,White,62,8,16
4. Strongly agree,1977,Female,White,54,12,45
4. Strongly agree,1989,Female,White,37,15,62
4. Strongly agree,1977,Female,Nonwhite,55,7,18
4. Strongly agree,1977,Male,White,21,12,17
4. Strongly agree,1989,Male,White,58,18,78
4. Strongly agree,1989,Female,Nonwhite,26,17,52
4. Strongly agree,1989,Female,White,27,14,48
4. Strongly agree,1977,Female,White,35,15,20
4. Strongly agree,1989,Female,White,69,16,36
4. Strongly agree,1989,Female,White,35,14,26
4. Strongly agree,1989,Male,Nonwhite,34,18,51
4. Strongly agree,1989,Male,White,31,16,22
4. Strongly agree,1989,Female,White,35,18,78
4. Strongly agree,1977,Male,White,37,17,78
4. Strongly agree,1977,Male,White,51,11,37
4. Strongly agree,1977,Female,White,35,11,32
4. Strongly agree,1977,Female,White,65,10,20
4. Strongly agree,1989,Male,White,45,13,36
4. Strongly agree,1977,Female,White,55,8,28
4. Strongly agree,1977,Female,White,20,13,36
4. Strongly agree,1989,Male,White,76,13,45
4. Strongly agree,1977,Female,White,33,12,35
4. Strongly agree,1989,Female,White,36,13,36
4. Strongly agree,1977,Female,Nonwhite,29,10,19
4. Strongly agree,1989,Female,White,31,13,42
4. Strongly agree,1989,Male,White,48,12,50
4. Strongly agree,1989,Female,White,23,10,18
4. Strongly agree,1989,Female,White,24,12,41
4. Strongly agree,1977,Female,White,38,12,32
4. Strongly agree,1989,Female,Nonwhite,38,13,22
4. Strongly agree,1977,Female,White,41,11,32
4. Strongly agree,1977,Male,White,34,11,44
4. Strongly agree,1989,Female,White,33,14,36
4. Strongly agree,1989,Female,White,45,12,46
4. Strongly agree,1977,Female,White,52,13,46
4. Strongly agree,1989,Female,White,31,13,63
4. Strongly agree,1977,Female,White,29,12,33
4. Strongly agree,1977,Female,White,19,12,34
4. Strongly agree,1977,Male,Nonwhite,68,4,29
4. Strongly agree,1977,Female,White,27,13,39
4. Strongly agree,1989,Female,White,27,12,56
4. Strongly agree,1989,Female,Nonwhite,40,12,46
4. Strongly agree,1977,Female,White,22,12,36
4. Strongly agree,1977,Female,White,40,15,28
4. Strongly agree,1989,Female,White,38,12,50
4. Strongly agree,1989,Female,White,25,18,20
4. Strongly agree,1977,Female,White,74,7,25
4. Strongly agree,1989,Female,White,36,18,60
4. Strongly agree,1989,Female,Nonwhite,24,10,25
4. Strongly agree,1989,Female,Nonwhite,58,8,14
4. Strongly agree,1977,Male,White,48,4,17
4. Strongly agree,1977,Female,White,54,16,63
4. Strongly agree,1977,Female,White,33,12,50
4. Strongly agree,1989,Female,White,57,12,17
4. Strongly agree,1977,Female,White,23,11,34
4. Strongly agree,1977,Male,White,20,12,45
4. Strongly agree,1977,Female,White,35,15,58
4. Strongly agree,1977,Female,White,38,13,43
4. Strongly agree,1977,Male,White,37,18,67
4. Strongly agree,1977,Female,White,32,16,60
4. Strongly agree,1989,Male,White,24,15,22
4. Strongly agree,1989,Female,Nonwhite,56,18,43
4. Strongly agree,1977,Male,Nonwhite,39,16,63
4. Strongly agree,1977,Male,White,26,12,15
4. Strongly agree,1977,Male,White,69,8,33
4. Strongly agree,1977,Female,White,38,17,60
4. Strongly agree,1977,Female,Nonwhite,26,12,57
4. Strongly agree,1989,Female,White,45,16,61
4. Strongly agree,1977,Female,White,26,14,14
4. Strongly agree,1977,Male,White,41,14,46
4. Strongly agree,1989,Male,White,72,15,49
4. Strongly agree,1977,Female,White,48,12,26
4. Strongly agree,1989,Female,White,38,10,31
4. Strongly agree,1989,Female,White,67,12,27
4. Strongly agree,1977,Female,White,20,12,22
4. Strongly agree,1989,Male,White,55,9,23
4. Strongly agree,1977,Male,White,58,4,41
4. Strongly agree,1977,Male,White,31,17,20
4. Strongly agree,1977,Female,Nonwhite,22,11,22
4. Strongly agree,1977,Male,White,30,10,20
4. Strongly agree,1977,Female,White,31,12,16
4. Strongly agree,1977,Female,White,33,12,45
4. Strongly agree,1977,Male,White,51,12,47
4. Strongly agree,1977,Female,White,62,12,34
4. Strongly agree,1989,Female,White,41,12,56
4. Strongly agree,1977,Male,White,31,14,33
4. Strongly agree,1989,Female,White,28,12,46
4. Strongly agree,1977,Male,White,23,12,16
4. Strongly agree,1989,Male,White,23,14,39
4. Strongly agree,1977,Female,White,62,12,17
4. Strongly agree,1977,Female,White,56,12,61
4. Strongly agree,1977,Female,White,53,12,50
4. Strongly agree,1989,Female,Nonwhite,32,13,46
4. Strongly agree,1989,Female,Nonwhite,69,12,61
4. Strongly agree,1977,Female,White,30,12,57
4. Strongly agree,1977,Male,White,57,3,37
4. Strongly agree,1989,Male,White,25,15,50
4. Strongly agree,1977,Male,White,77,16,74
4. Strongly agree,1989,Female,White,27,12,29
4. Strongly agree,1977,Female,White,50,13,46
4. Strongly agree,1989,Female,White,21,12,31
4. Strongly agree,1977,Male,White,34,12,48
4. Strongly agree,1989,Male,White,26,16,55
4. Strongly agree,1989,Male,White,38,17,49
4. Strongly agree,1977,Female,White,40,17,43
4. Strongly agree,1977,Female,White,50,10,44
4. Strongly agree,1977,Female,White,22,14,46
4. Strongly agree,1989,Female,White,39,14,36
4. Strongly agree,1989,Female,White,31,12,20
4. Strongly agree,1977,Female,White,29,13,31
4. Strongly agree,1977,Male,White,42,8,28
4. Strongly agree,1989,Male,White,25,16,76
4. Strongly agree,1977,Female,Nonwhite,33,11,43
4. Strongly agree,1977,Male,White,34,11,33
4. Strongly agree,1977,Male,Nonwhite,49,5,33
4. Strongly agree,1977,Female,White,58,14,56
4. Strongly agree,1989,Female,Nonwhite,35,12,36
4. Strongly agree,1977,Female,White,20,12,20
4. Strongly agree,1977,Female,White,20,12,36
4. Strongly agree,1977,Male,White,49,8,50
4. Strongly agree,1989,Female,White,32,20,78
4. Strongly agree,1977,Female,White,39,12,46
4. Strongly agree,1977,Female,Nonwhite,24,13,61
4. Strongly agree,1977,Female,Nonwhite,28,14,41
4. Strongly agree,1977,Female,White,25,13,36
4. Strongly agree,1989,Female,White,30,13,36
4. Strongly agree,1977,Female,White,41,18,61
4. Strongly agree,1977,Female,White,69,5,36
4. Strongly agree,1989,Female,White,37,12,62
4. Strongly agree,1977,Male,Nonwhite,23,15,36
4. Strongly agree,1977,Female,White,66,12,32
4. Strongly agree,1989,Female,White,60,14,42
4. Strongly agree,1977,Female,Nonwhite,22,15,35
4. Strongly agree,1989,Female,White,51,12,18
4. Strongly agree,1977,Female,White,47,12,42
4. Strongly agree,1989,Female,White,73,12,46
4. Strongly agree,1977,Female,Nonwhite,22,14,31
4. Strongly agree,1977,Male,White,28,12,32
4. Strongly agree,1989,Female,White,70,16,50
4. Strongly agree,1977,Male,White,42,5,17
4. Strongly agree,1989,Female,White,42,12,45
4. Strongly agree,1989,Female,White,49,12,31
4. Strongly agree,1989,Male,White,39,7,28
4. Strongly agree,1977,Female,White,57,13,46
4. Strongly agree,1989,Female,White,25,17,60
4. Strongly agree,1989,Female,White,58,9,27
4. Strongly agree,1977,Female,White,25,13,46
4. Strongly agree,1977,Female,Nonwhite,37,12,36
4. Strongly agree,1989,Female,White,57,7,14
4. Strongly agree,1977,Male,White,63,19,68
4. Strongly agree,1989,Male,White,58,14,48
4. Strongly agree,1989,Female,White,34,13,46
4. Strongly agree,1977,Male,White,59,18,74
4. Strongly agree,1989,Female,White,31,18,69
4. Strongly agree,1977,Male,Nonwhite,34,9,18
4. Strongly agree,1989,Male,White,44,12,37
4. Strongly agree,1989,Female,White,48,12,27
4. Strongly agree,1977,Female,Nonwhite,39,12,41
4. Strongly agree,1989,Female,White,35,14,50
4. Strongly agree,1989,Female,White,34,12,36
4. Strongly agree,1989,Male,White,54,17,36
4. Strongly agree,1977,Female,White,48,12,46
4. Strongly agree,1989,Female,White,40,16,46
4. Strongly agree,1989,Female,White,41,18,63
4. Strongly agree,1977,Female,White,44,12,48
4. Strongly agree,1989,Female,White,44,19,48
4. Strongly agree,1977,Female,White,50,17,63
4. Strongly agree,1989,Female,White,51,17,60
4. Strongly agree,1989,Male,White,31,17,46
4. Strongly agree,1977,Male,White,72,10,37
4. Strongly agree,1989,Female,White,31,16,50
4. Strongly agree,1977,Female,White,65,12,62
4. Strongly agree,1977,Female,White,45,10,34
4. Strongly agree,1989,Female,White,32,15,50
4. Strongly agree,1989,Male,White,41,16,50
4. Strongly agree,1989,Male,White,38,19,76
4. Strongly agree,1977,Male,White,34,17,61
4. Strongly agree,1977,Female,Nonwhite,44,16,63
4. Strongly agree,1989,Female,White,43,12,12
4. Strongly agree,1989,Female,White,39,18,60
4. Strongly agree,1989,Female,White,81,12,50
4. Strongly agree,1989,Male,White,41,15,36
4. Strongly agree,1977,Female,White,33,15,46
4. Strongly agree,1977,Male,White,41,16,50
4. Strongly agree,1977,Female,White,52,12,33
4. Strongly agree,1977,Male,White,48,9,34
4. Strongly agree,1977,Female,White,38,12,62
4. Strongly agree,1989,Female,Nonwhite,87,5,18
4. Strongly agree,1989,Female,White,64,12,19
4. Strongly agree,1977,Female,White,41,14,48
4. Strongly agree,1977,Female,White,26,15,62
4. Strongly agree,1989,Female,White,61,9,18
4. Strongly agree,1989,Female,White,38,18,62
4. Strongly agree,1977,Male,White,30,16,57
4. Strongly agree,1989,Female,White,67,13,45
4. Strongly agree,1989,Female,White,28,9,31
4. Strongly agree,1977,Female,White,27,18,63
4. Strongly agree,1989,Female,White,67,13,44
4. Strongly agree,1989,Female,Nonwhite,21,15,61
4. Strongly agree,1977,Female,White,55,16,62
4. Strongly agree,1977,Female,White,60,12,36
4. Strongly agree,1989,Female,Nonwhite,31,14,36
4. Strongly agree,1977,Female,White,37,10,20
4. Strongly agree,1977,Female,White,30,12,25
4. Strongly agree,1989,Female,White,33,12,32
4. Strongly agree,1989,Male,White,74,11,50
4. Strongly agree,1977,Male,Nonwhite,25,13,32
4. Strongly agree,1989,Male,White,50,14,34
4. Strongly agree,1989,Male,White,24,12,19
4. Strongly agree,1989,Male,White,54,8,32
4. Strongly agree,1989,Female,Nonwhite,47,14,50
4. Strongly agree,1989,Female,Nonwhite,47,13,57
4. Strongly agree,1989,Female,Nonwhite,24,12,41
4. Strongly agree,1989,Female,Nonwhite,44,13,47
4. Strongly agree,1977,Female,White,30,12,43
4. Strongly agree,1977,Male,White,60,7,27
4. Strongly agree,1989,Male,White,33,12,32
4. Strongly agree,1989,Male,White,46,17,78
4. Strongly agree,1989,Female,White,75,12,42
4. Strongly agree,1989,Female,White,24,12,50
4. Strongly agree,1989,Female,White,31,14,23
4. Strongly agree,1989,Male,Nonwhite,22,11,29
4. Strongly agree,1989,Female,Nonwhite,56,8,14
4. Strongly agree,1977,Female,Nonwhite,37,13,25
4. Strongly agree,1977,Male,Nonwhite,36,13,56
4. Strongly agree,1989,Female,Nonwhite,28,15,46
4. Strongly agree,1977,Male,White,50,14,56
4. Strongly agree,1977,Female,White,40,16,57
4. Strongly agree,1977,Female,White,32,11,19
4. Strongly agree,1989,Male,White,19,11,39
4. Strongly agree,1977,Female,Nonwhite,33,16,60
4. Strongly agree,1989,Female,Nonwhite,35,9,22
4. Strongly agree,1977,Female,White,29,12,46
4. Strongly agree,1989,Male,White,41,12,17
4. Strongly agree,1989,Female,Nonwhite,43,16,52
4. Strongly agree,1977,Male,White,30,14,31
4. Strongly agree,1989,Female,White,27,10,39
4. Strongly agree,1977,Male,White,22,12,36
4. Strongly agree,1977,Female,White,44,11,34
4. Strongly agree,1977,Female,White,38,12,36
4. Strongly agree,1989,Male,White,28,14,50
4. Strongly agree,1989,Female,White,22,12,48
4. Strongly agree,1977,Female,Nonwhite,41,14,60
4. Strongly agree,1977,Female,White,53,10,39
4. Strongly agree,1989,Female,Nonwhite,36,12,18
4. Strongly agree,1989,Female,White,37,16,50
4. Strongly agree,1989,Male,White,30,10,47
4. Strongly agree,1977,Female,White,55,11,46
4. Strongly agree,1989,Female,White,39,17,63
4. Strongly agree,1989,Female,Nonwhite,55,14,36
4. Strongly agree,1977,Female,White,27,12,31
